2026-09-11 07:16:59,875 - INFO - pilihan akun (PRO ALL COIN): '2' -> REAL
2026-09-11 07:16:59,954 - INFO - mode ALL COIN: 127 simbol (127 coin terdeteksi, emas selalu diikutkan)
2026-09-11 07:16:59,954 - INFO - mode ALL COIN · varian H-G-AMAN
2026-09-11 07:16:59,988 - INFO - ▶ GOLDEN EDGE BOT dimulai — saldo $56.33 | 127 simbol | TF 15/60/240m | zona min 4.0/10 | cap $50.00
2026-09-11 07:16:59,989 - INFO - GOLDEN EDGE BOT dimulai — saldo $56.33 | 127 simbol | TF 15/60/240m | zona ≥ 4.0 | cap $50.00
2026-09-11 07:16:59,989 - INFO - mode ALL COIN: 127 simbol (127 coin terdeteksi, emas selalu diikutkan)
2026-09-11 07:17:29,528 - INFO - mode ALL COIN: 127 simbol (127 coin terdeteksi, emas selalu diikutkan)
2026-09-11 07:17:58,525 - INFO - mode ALL COIN: 127 simbol (127 coin terdeteksi, emas selalu diikutkan)
2026-09-11 07:18:28,392 - INFO - mode ALL COIN: 127 simbol (127 coin terdeteksi, emas selalu diikutkan)
2026-09-11 07:18:58,236 - INFO - mode ALL COIN: 127 simbol (127 coin terdeteksi, emas selalu diikutkan)
2026-09-11 07:19:28,118 - INFO - mode ALL COIN: 127 simbol (127 coin terdeteksi, emas selalu diikutkan)
2026-09-11 07:19:57,216 - INFO - mode ALL COIN: 127 simbol (127 coin terdeteksi, emas selalu diikutkan)
2026-09-11 07:20:26,360 - INFO - mode ALL COIN: 127 simbol (127 coin terdeteksi, emas selalu diikutkan)
2026-09-11 07:20:55,182 - INFO - mode ALL COIN: 127 simbol (127 coin terdeteksi, emas selalu diikutkan)
2026-09-11 07:21:24,730 - INFO - mode ALL COIN: 127 simbol (127 coin terdeteksi, emas selalu diikutkan)
2026-09-11 07:21:54,089 - INFO - mode ALL COIN: 127 simbol (127 coin terdeteksi, emas selalu diikutkan)
2026-09-11 07:22:24,041 - INFO - mode ALL COIN: 127 simbol (127 coin terdeteksi, emas selalu diikutkan)
2026-09-11 07:22:53,590 - INFO - mode ALL COIN: 126 simbol (126 coin terdeteksi, emas selalu diikutkan)
2026-09-11 07:23:22,706 - INFO - mode ALL COIN: 126 simbol (126 coin terdeteksi, emas selalu diikutkan)
2026-09-11 07:23:51,018 - INFO - mode ALL COIN: 126 simbol (126 coin terdeteksi, emas selalu diikutkan)
2026-09-11 07:24:19,880 - INFO - mode ALL COIN: 126 simbol (126 coin terdeteksi, emas selalu diikutkan)
2026-09-11 07:24:48,644 - INFO - mode ALL COIN: 126 simbol (126 coin terdeteksi, emas selalu diikutkan)
2026-09-11 07:25:18,341 - INFO - mode ALL COIN: 126 simbol (126 coin terdeteksi, emas selalu diikutkan)
2026-09-11 07:25:48,063 - INFO - mode ALL COIN: 126 simbol (126 coin terdeteksi, emas selalu diikutkan)
2026-09-11 07:26:19,041 - INFO - mode ALL COIN: 126 simbol (126 coin terdeteksi, emas selalu diikutkan)
2026-09-11 07:26:50,016 - INFO - mode ALL COIN: 126 simbol (126 coin terdeteksi, emas selalu diikutkan)
2026-09-11 07:27:20,619 - INFO - mode ALL COIN: 126 simbol (126 coin terdeteksi, emas selalu diikutkan)
2026-09-11 07:27:50,431 - INFO - mode ALL COIN: 126 simbol (126 coin terdeteksi, emas selalu diikutkan)
2026-09-11 07:28:18,983 - INFO - mode ALL COIN: 126 simbol (126 coin terdeteksi, emas selalu diikutkan)
2026-09-11 07:28:47,766 - INFO - mode ALL COIN: 126 simbol (126 coin terdeteksi, emas selalu diikutkan)
2026-09-11 07:29:16,586 - INFO - mode ALL COIN: 126 simbol (126 coin terdeteksi, emas selalu diikutkan)
2026-09-11 07:29:45,019 - INFO - mode ALL COIN: 126 simbol (126 coin terdeteksi, emas selalu diikutkan)
2026-09-11 07:30:14,924 - INFO - mode ALL COIN: 126 simbol (126 coin terdeteksi, emas selalu diikutkan)
2026-09-11 07:30:45,679 - INFO - mode ALL COIN: 126 simbol (126 coin terdeteksi, emas selalu diikutkan)
2026-09-11 07:31:16,528 - INFO - mode ALL COIN: 126 simbol (126 coin terdeteksi, emas selalu diikutkan)
2026-09-11 07:31:48,217 - INFO - mode ALL COIN: 126 simbol (126 coin terdeteksi, emas selalu diikutkan)
2026-09-11 07:32:18,099 - INFO - mode ALL COIN: 126 simbol (126 coin terdeteksi, emas selalu diikutkan)
2026-09-11 07:32:47,432 - INFO - mode ALL COIN: 126 simbol (126 coin terdeteksi, emas selalu diikutkan)
2026-09-11 07:33:16,219 - INFO - mode ALL COIN: 125 simbol (125 coin terdeteksi, emas selalu diikutkan)
2026-09-11 07:33:44,535 - INFO - mode ALL COIN: 125 simbol (125 coin terdeteksi, emas selalu diikutkan)
2026-09-11 07:34:13,515 - INFO - mode ALL COIN: 125 simbol (125 coin terdeteksi, emas selalu diikutkan)
2026-09-11 07:34:26,300 - INFO - 
■ GOLDEN EDGE bot dihentikan.
2026-09-11 07:35:20,320 - INFO - pilihan akun (PRO ALL COIN): '2' -> REAL
2026-09-11 07:35:20,382 - INFO - mode ALL COIN: 125 simbol (125 coin terdeteksi, emas selalu diikutkan)
2026-09-11 07:35:20,382 - INFO - mode ALL COIN · varian H-G-AMAN
2026-09-11 07:35:20,861 - INFO - ▶ GOLDEN EDGE BOT dimulai — saldo $56.33 | 125 simbol | TF 15/60/240m | zona min 4.0/10 | cap $50.00
2026-09-11 07:35:20,862 - INFO - GOLDEN EDGE BOT dimulai — saldo $56.33 | 125 simbol | TF 15/60/240m | zona ≥ 4.0 | cap $50.00
2026-09-11 07:35:20,862 - INFO - mode ALL COIN: 125 simbol (125 coin terdeteksi, emas selalu diikutkan)
2026-09-11 07:35:50,016 - INFO - mode ALL COIN: 125 simbol (125 coin terdeteksi, emas selalu diikutkan)
2026-09-11 07:36:19,124 - INFO - mode ALL COIN: 125 simbol (125 coin terdeteksi, emas selalu diikutkan)
2026-09-11 07:36:49,106 - INFO - mode ALL COIN: 125 simbol (125 coin terdeteksi, emas selalu diikutkan)
2026-09-11 07:37:18,945 - INFO - mode ALL COIN: 125 simbol (125 coin terdeteksi, emas selalu diikutkan)
2026-09-11 07:37:48,874 - INFO - mode ALL COIN: 125 simbol (125 coin terdeteksi, emas selalu diikutkan)
2026-09-11 07:38:18,134 - INFO - mode ALL COIN: 125 simbol (125 coin terdeteksi, emas selalu diikutkan)
2026-09-11 07:38:47,719 - INFO - mode ALL COIN: 125 simbol (125 coin terdeteksi, emas selalu diikutkan)
2026-09-11 07:39:16,921 - INFO - mode ALL COIN: 125 simbol (125 coin terdeteksi, emas selalu diikutkan)
2026-09-11 07:39:46,811 - INFO - mode ALL COIN: 125 simbol (125 coin terdeteksi, emas selalu diikutkan)
2026-09-11 07:40:16,157 - INFO - mode ALL COIN: 125 simbol (125 coin terdeteksi, emas selalu diikutkan)
2026-09-11 07:40:45,831 - INFO - mode ALL COIN: 125 simbol (125 coin terdeteksi, emas selalu diikutkan)
2026-09-11 07:41:15,007 - INFO - mode ALL COIN: 125 simbol (125 coin terdeteksi, emas selalu diikutkan)
2026-09-11 07:41:44,094 - INFO - mode ALL COIN: 125 simbol (125 coin terdeteksi, emas selalu diikutkan)
2026-09-11 07:42:13,013 - INFO - mode ALL COIN: 125 simbol (125 coin terdeteksi, emas selalu diikutkan)
2026-09-11 07:42:42,263 - INFO - mode ALL COIN: 125 simbol (125 coin terdeteksi, emas selalu diikutkan)
2026-09-11 07:43:12,266 - INFO - mode ALL COIN: 125 simbol (125 coin terdeteksi, emas selalu diikutkan)
2026-09-11 07:43:42,025 - INFO - mode ALL COIN: 125 simbol (125 coin terdeteksi, emas selalu diikutkan)
2026-09-11 07:44:10,850 - INFO - mode ALL COIN: 125 simbol (125 coin terdeteksi, emas selalu diikutkan)
2026-09-11 07:44:39,660 - INFO - mode ALL COIN: 125 simbol (125 coin terdeteksi, emas selalu diikutkan)
2026-09-11 07:45:08,403 - INFO - mode ALL COIN: 125 simbol (125 coin terdeteksi, emas selalu diikutkan)
2026-09-11 07:45:37,004 - INFO - mode ALL COIN: 125 simbol (125 coin terdeteksi, emas selalu diikutkan)
2026-09-11 07:46:06,541 - INFO - mode ALL COIN: 125 simbol (125 coin terdeteksi, emas selalu diikutkan)
2026-09-11 07:46:36,256 - INFO - mode ALL COIN: 125 simbol (125 coin terdeteksi, emas selalu diikutkan)
2026-09-11 07:47:07,273 - INFO - mode ALL COIN: 125 simbol (125 coin terdeteksi, emas selalu diikutkan)
2026-09-11 07:47:38,395 - INFO - mode ALL COIN: 125 simbol (125 coin terdeteksi, emas selalu diikutkan)
2026-09-11 07:48:09,250 - INFO - mode ALL COIN: 125 simbol (125 coin terdeteksi, emas selalu diikutkan)
2026-09-11 07:48:39,346 - INFO - mode ALL COIN: 125 simbol (125 coin terdeteksi, emas selalu diikutkan)
2026-09-11 07:49:08,686 - INFO - mode ALL COIN: 125 simbol (125 coin terdeteksi, emas selalu diikutkan)
2026-09-11 07:49:37,117 - INFO - mode ALL COIN: 125 simbol (125 coin terdeteksi, emas selalu diikutkan)
2026-09-11 07:50:05,926 - INFO - mode ALL COIN: 125 simbol (125 coin terdeteksi, emas selalu diikutkan)
2026-09-11 07:50:24,244 - INFO - 
■ GOLDEN EDGE bot dihentikan.
2026-09-11 08:08:16,271 - INFO - pilihan akun (PRO ALL COIN): '2' -> REAL
2026-09-11 08:08:41,662 - INFO - mode ALL COIN: 125 simbol (125 coin terdeteksi, emas selalu diikutkan)
2026-09-11 08:08:41,663 - INFO - mode ALL COIN · varian H-G-AMAN
2026-09-11 08:08:42,137 - INFO - ▶ GOLDEN EDGE BOT dimulai — saldo $56.33 | 125 simbol | TF 15/60/240m | zona min 4.0/10 | cap $2.80
2026-09-11 08:25:45,503 - INFO - pilihan akun (PRO ALL COIN): '2' -> REAL
2026-09-11 08:25:55,213 - INFO - mode ALL COIN: 124 simbol (124 coin terdeteksi, emas selalu diikutkan)
2026-09-11 08:25:55,213 - INFO - mode ALL COIN · varian H-G-AMAN
2026-09-11 08:25:55,586 - INFO - ▶ GOLDEN EDGE BOT dimulai — saldo $56.33 | 124 simbol | TF 15/60/240m | zona min 4.0/10 | cap $2.80
2026-09-11 08:38:20,353 - INFO - pilihan akun (PRO ALL COIN): '2' -> REAL
2026-09-11 08:38:26,265 - INFO - mode ALL COIN: 124 simbol (124 coin terdeteksi, emas selalu diikutkan)
2026-09-11 08:38:26,265 - INFO - mode ALL COIN · varian H-G-AMAN
2026-09-11 08:38:26,795 - INFO - ▶ GOLDEN EDGE BOT dimulai — saldo $56.33 | 124 simbol | TF 15/60/240m | zona min 4.0/10 | cap $2.80
2026-09-11 08:42:03,271 - INFO - pilihan akun (PRO ALL COIN): '2' -> REAL
2026-09-11 08:42:11,616 - INFO - mode ALL COIN: 124 simbol (124 coin terdeteksi, emas selalu diikutkan)
2026-09-11 08:42:11,616 - INFO - mode ALL COIN · varian H-G-AMAN
2026-09-11 08:42:12,092 - INFO - ▶ GOLDEN EDGE BOT dimulai — saldo $56.33 | 124 simbol | TF 15/60/240m | zona min 4.0/10 | cap $2.80
2026-09-11 08:46:25,195 - INFO - → dibatalkan (REAL tidak dikonfirmasi).
2026-09-11 08:46:54,982 - INFO - pilihan akun (PRO ALL COIN): '2' -> REAL
2026-09-11 08:47:00,989 - INFO - mode ALL COIN: 124 simbol (124 coin terdeteksi, emas selalu diikutkan)
2026-09-11 08:47:00,989 - INFO - mode ALL COIN · varian H-G-AMAN
2026-09-11 08:47:01,366 - INFO - ▶ GOLDEN EDGE BOT dimulai — saldo $56.33 | 124 simbol | TF 15/60/240m | zona min 4.0/10 | cap $2.80
2026-09-11 08:58:34,944 - INFO - pilihan akun (PRO ALL COIN): '2' -> REAL
2026-09-11 08:58:41,325 - INFO - mode ALL COIN: 123 simbol (123 coin terdeteksi, emas selalu diikutkan)
2026-09-11 08:58:41,325 - INFO - mode ALL COIN · varian H-G-AMAN
2026-09-11 08:58:41,650 - INFO - ▶ GOLDEN EDGE BOT dimulai — saldo $56.33 | 123 simbol | TF 15/60/240m | zona min 4.0/10 | cap $2.80
2026-09-11 08:58:41,650 - INFO - GOLDEN EDGE BOT dimulai — saldo $56.33 | 123 simbol | TF 15/60/240m | zona ≥ 4.0 | cap $2.80
2026-09-11 08:58:41,651 - INFO - mode ALL COIN: 123 simbol (123 coin terdeteksi, emas selalu diikutkan)
2026-09-11 08:58:47,614 - INFO - ◈ NEARUSDT GE-R3 LONG | 15M 4/4 · 1H +0 · 4H +0 | zona ▼D 7.6/10 @ 2.421-2.40873 | RR 2.30
2026-09-11 08:58:47,614 - INFO - NEARUSDT setup GE-R3 LONG zone 7.6/10 rr 2.30
2026-09-11 08:58:48,923 - INFO - ▲ LONG NEARUSDT [GE-R3] @ 2.415 25x | 15M 4/4 7.6/10 RR 2.30 TP 2.48489 SL 2.39463
2026-09-11 08:58:48,923 - INFO - NEARUSDT ENTRY Buy @ 2.415 25x TP 2.48489 SL 2.39463 zone 7.6/10 rr 2.30
2026-09-11 08:59:13,977 - INFO - mode ALL COIN: 123 simbol (123 coin terdeteksi, emas selalu diikutkan)
2026-09-11 08:59:14,632 - INFO - ⚠ NEARUSDT POSISI TANPA SL — dipasang ulang @ 2.37271
2026-09-11 08:59:44,008 - INFO - mode ALL COIN: 123 simbol (123 coin terdeteksi, emas selalu diikutkan)
2026-09-11 09:00:14,536 - INFO - mode ALL COIN: 123 simbol (123 coin terdeteksi, emas selalu diikutkan)
2026-09-11 09:00:17,431 - ERROR - Too many visits. Exceeded the API Rate Limit. (ErrCode: 10006). Hit the API rate limit on https://api.bybit.com/v5/market/kline?category=linear&interval=15&limit=500&symbol=XMRUSDT. Sleeping then trying again.
2026-09-11 09:00:17,431 - ERROR - API rate limit will reset at 10:00:19.431. Sleeping for 2000 ms. Retrying...
2026-09-11 09:00:46,824 - INFO - mode ALL COIN: 123 simbol (123 coin terdeteksi, emas selalu diikutkan)
2026-09-11 09:01:17,342 - INFO - mode ALL COIN: 123 simbol (123 coin terdeteksi, emas selalu diikutkan)
2026-09-11 09:01:46,967 - INFO - mode ALL COIN: 123 simbol (123 coin terdeteksi, emas selalu diikutkan)
2026-09-11 09:01:57,050 - INFO - ◈ EIGENUSDT GE-R3 LONG | 15M 3/4 · 1H +0 · 4H +0 | zona ▼D 3.3/10 @ 0.2134-0.212731 | RR 1.22
2026-09-11 09:01:57,051 - INFO - EIGENUSDT setup GE-R3 LONG zone 3.3/10 rr 1.22
2026-09-11 09:01:57,094 - INFO - EIGENUSDT lev 25x (std ALT 25x · akun real · REAL=DEMO)
2026-09-11 09:01:58,343 - INFO - ▲ LONG EIGENUSDT [GE-R3] @ 0.2144 25x | 15M 3/4 3.3/10 RR 1.22 TP 0.215953 SL 0.211678
2026-09-11 09:01:58,343 - INFO - EIGENUSDT ENTRY Buy @ 0.2144 25x TP 0.215953 SL 0.211678 zone 3.3/10 rr 1.22
2026-09-11 09:02:19,350 - INFO - mode ALL COIN: 123 simbol (123 coin terdeteksi, emas selalu diikutkan)
2026-09-11 09:02:20,621 - INFO - ⚠ EIGENUSDT POSISI TANPA SL — dipasang ulang @ 0.211241
2026-09-11 09:02:49,547 - INFO - mode ALL COIN: 123 simbol (123 coin terdeteksi, emas selalu diikutkan)
2026-09-11 09:03:20,006 - INFO - mode ALL COIN: 123 simbol (123 coin terdeteksi, emas selalu diikutkan)
2026-09-11 09:03:50,468 - INFO - mode ALL COIN: 123 simbol (123 coin terdeteksi, emas selalu diikutkan)
2026-09-11 09:04:21,574 - INFO - mode ALL COIN: 123 simbol (123 coin terdeteksi, emas selalu diikutkan)
2026-09-11 09:04:52,743 - INFO - mode ALL COIN: 123 simbol (123 coin terdeteksi, emas selalu diikutkan)
2026-09-11 09:05:23,689 - INFO - mode ALL COIN: 123 simbol (123 coin terdeteksi, emas selalu diikutkan)
2026-09-11 09:05:24,784 - INFO - ◆ EIGENUSDT TP1 0.215953 tercapai — 533 ditutup (+0.83$ terkunci) → RIDE aktif
2026-09-11 09:05:24,811 - INFO - » EIGENUSDT TRAILING 2.0xATR aktif — mengawal sisa 534 ke TP2 0.218051
2026-09-11 09:05:53,574 - INFO - mode ALL COIN: 123 simbol (123 coin terdeteksi, emas selalu diikutkan)
2026-09-11 09:06:23,443 - INFO - mode ALL COIN: 123 simbol (123 coin terdeteksi, emas selalu diikutkan)
2026-09-11 09:06:52,479 - INFO - mode ALL COIN: 123 simbol (123 coin terdeteksi, emas selalu diikutkan)
2026-09-11 09:07:21,979 - INFO - mode ALL COIN: 123 simbol (123 coin terdeteksi, emas selalu diikutkan)
2026-09-11 09:07:51,059 - INFO - mode ALL COIN: 123 simbol (123 coin terdeteksi, emas selalu diikutkan)
2026-09-11 09:08:21,092 - INFO - mode ALL COIN: 123 simbol (123 coin terdeteksi, emas selalu diikutkan)
2026-09-11 09:08:51,644 - INFO - mode ALL COIN: 123 simbol (123 coin terdeteksi, emas selalu diikutkan)
2026-09-11 09:09:22,925 - INFO - mode ALL COIN: 123 simbol (123 coin terdeteksi, emas selalu diikutkan)
2026-09-11 09:09:54,656 - INFO - mode ALL COIN: 123 simbol (123 coin terdeteksi, emas selalu diikutkan)
2026-09-11 09:10:27,364 - INFO - mode ALL COIN: 123 simbol (123 coin terdeteksi, emas selalu diikutkan)
2026-09-11 09:10:58,686 - INFO - mode ALL COIN: 123 simbol (123 coin terdeteksi, emas selalu diikutkan)
2026-09-11 09:11:30,002 - INFO - mode ALL COIN: 123 simbol (123 coin terdeteksi, emas selalu diikutkan)
2026-09-11 09:12:00,286 - INFO - mode ALL COIN: 123 simbol (123 coin terdeteksi, emas selalu diikutkan)
2026-09-11 09:12:30,136 - INFO - mode ALL COIN: 123 simbol (123 coin terdeteksi, emas selalu diikutkan)
2026-09-11 09:12:59,750 - INFO - mode ALL COIN: 123 simbol (123 coin terdeteksi, emas selalu diikutkan)
2026-09-11 09:13:29,328 - INFO - mode ALL COIN: 123 simbol (123 coin terdeteksi, emas selalu diikutkan)
2026-09-11 09:13:58,435 - INFO - mode ALL COIN: 123 simbol (123 coin terdeteksi, emas selalu diikutkan)
2026-09-11 09:14:28,610 - INFO - mode ALL COIN: 123 simbol (123 coin terdeteksi, emas selalu diikutkan)
2026-09-11 09:14:58,886 - INFO - mode ALL COIN: 123 simbol (123 coin terdeteksi, emas selalu diikutkan)
2026-09-11 09:15:29,891 - INFO - mode ALL COIN: 123 simbol (123 coin terdeteksi, emas selalu diikutkan)
2026-09-11 09:16:00,168 - INFO - mode ALL COIN: 123 simbol (123 coin terdeteksi, emas selalu diikutkan)
2026-09-11 09:16:30,639 - INFO - mode ALL COIN: 123 simbol (123 coin terdeteksi, emas selalu diikutkan)
2026-09-11 09:17:01,099 - INFO - mode ALL COIN: 123 simbol (123 coin terdeteksi, emas selalu diikutkan)
2026-09-11 09:17:31,073 - INFO - mode ALL COIN: 123 simbol (123 coin terdeteksi, emas selalu diikutkan)
2026-09-11 09:18:00,608 - INFO - mode ALL COIN: 123 simbol (123 coin terdeteksi, emas selalu diikutkan)
2026-09-11 09:18:30,733 - INFO - mode ALL COIN: 123 simbol (123 coin terdeteksi, emas selalu diikutkan)
2026-09-11 09:19:00,702 - INFO - mode ALL COIN: 123 simbol (123 coin terdeteksi, emas selalu diikutkan)
2026-09-11 09:19:31,466 - INFO - mode ALL COIN: 123 simbol (123 coin terdeteksi, emas selalu diikutkan)
2026-09-11 09:20:01,732 - INFO - mode ALL COIN: 123 simbol (123 coin terdeteksi, emas selalu diikutkan)
2026-09-11 09:20:32,695 - INFO - mode ALL COIN: 123 simbol (123 coin terdeteksi, emas selalu diikutkan)
2026-09-11 09:21:03,447 - INFO - mode ALL COIN: 123 simbol (123 coin terdeteksi, emas selalu diikutkan)
2026-09-11 09:21:34,119 - INFO - mode ALL COIN: 123 simbol (123 coin terdeteksi, emas selalu diikutkan)
2026-09-11 09:22:04,429 - INFO - mode ALL COIN: 123 simbol (123 coin terdeteksi, emas selalu diikutkan)
2026-09-11 09:22:34,875 - INFO - mode ALL COIN: 122 simbol (122 coin terdeteksi, emas selalu diikutkan)
2026-09-11 09:23:04,833 - INFO - mode ALL COIN: 122 simbol (122 coin terdeteksi, emas selalu diikutkan)
2026-09-11 09:23:35,756 - INFO - mode ALL COIN: 122 simbol (122 coin terdeteksi, emas selalu diikutkan)
2026-09-11 09:24:06,276 - INFO - mode ALL COIN: 122 simbol (122 coin terdeteksi, emas selalu diikutkan)
2026-09-11 09:24:37,320 - INFO - mode ALL COIN: 122 simbol (122 coin terdeteksi, emas selalu diikutkan)
2026-09-11 09:25:07,726 - INFO - mode ALL COIN: 122 simbol (122 coin terdeteksi, emas selalu diikutkan)
2026-09-11 09:25:37,854 - INFO - mode ALL COIN: 122 simbol (122 coin terdeteksi, emas selalu diikutkan)
2026-09-11 09:26:06,963 - INFO - mode ALL COIN: 122 simbol (122 coin terdeteksi, emas selalu diikutkan)
2026-09-11 09:26:36,007 - INFO - mode ALL COIN: 122 simbol (122 coin terdeteksi, emas selalu diikutkan)
2026-09-11 09:26:37,162 - INFO - ■ EIGENUSDT closed-ex ditutup — PnL +1.17$ (ROI +12.8%)
2026-09-11 09:26:37,162 - INFO - EIGENUSDT closed-ex ditutup — PnL +1.17$ (ROI +12.8%)
2026-09-11 09:27:06,526 - INFO - mode ALL COIN: 122 simbol (122 coin terdeteksi, emas selalu diikutkan)
2026-09-11 09:27:35,921 - INFO - mode ALL COIN: 122 simbol (122 coin terdeteksi, emas selalu diikutkan)
2026-09-11 09:28:05,434 - INFO - mode ALL COIN: 122 simbol (122 coin terdeteksi, emas selalu diikutkan)
2026-09-11 09:28:36,629 - INFO - mode ALL COIN: 122 simbol (122 coin terdeteksi, emas selalu diikutkan)
2026-09-11 09:29:08,591 - INFO - mode ALL COIN: 122 simbol (122 coin terdeteksi, emas selalu diikutkan)
2026-09-11 09:29:40,469 - INFO - mode ALL COIN: 122 simbol (122 coin terdeteksi, emas selalu diikutkan)
2026-09-11 09:30:11,058 - INFO - mode ALL COIN: 122 simbol (122 coin terdeteksi, emas selalu diikutkan)
2026-09-11 09:30:15,573 - ERROR - Too many visits. Exceeded the API Rate Limit. (ErrCode: 10006). Hit the API rate limit on https://api.bybit.com/v5/market/kline?category=linear&interval=15&limit=500&symbol=AEROUSDT. Sleeping then trying again.
2026-09-11 09:30:15,573 - ERROR - API rate limit will reset at 10:30:17.573. Sleeping for 2000 ms. Retrying...
2026-09-11 09:30:42,594 - INFO - mode ALL COIN: 122 simbol (122 coin terdeteksi, emas selalu diikutkan)
2026-09-11 09:31:11,590 - INFO - mode ALL COIN: 122 simbol (122 coin terdeteksi, emas selalu diikutkan)
2026-09-11 09:31:40,605 - INFO - mode ALL COIN: 122 simbol (122 coin terdeteksi, emas selalu diikutkan)
2026-09-11 09:32:09,143 - INFO - mode ALL COIN: 122 simbol (122 coin terdeteksi, emas selalu diikutkan)
2026-09-11 09:32:14,733 - INFO - ◈ DOTUSDT GE-R3 LONG | 15M 3/4 · 1H +0 · 4H +0 | zona ▼D 5.5/10 @ 1.11266-1.10755 | RR 1.40
2026-09-11 09:32:14,733 - INFO - DOTUSDT setup GE-R3 LONG zone 5.5/10 rr 1.40
2026-09-11 09:32:14,772 - INFO - DOTUSDT lev 25x (std ALT 25x · akun real · REAL=DEMO)
2026-09-11 09:32:16,052 - INFO - ▲ LONG DOTUSDT [GE-R3] @ 1.11178 25x | 15M 3/4 5.5/10 RR 1.40 TP 1.12722 SL 1.1027
2026-09-11 09:32:16,052 - INFO - DOTUSDT ENTRY Buy @ 1.11178 25x TP 1.12722 SL 1.1027 zone 5.5/10 rr 1.40
2026-09-11 09:32:40,612 - INFO - mode ALL COIN: 122 simbol (122 coin terdeteksi, emas selalu diikutkan)
2026-09-11 09:32:41,856 - INFO - ⚠ DOTUSDT POSISI TANPA SL — dipasang ulang @ 1.09722
2026-09-11 09:33:10,831 - INFO - mode ALL COIN: 122 simbol (122 coin terdeteksi, emas selalu diikutkan)
2026-09-11 09:33:40,885 - INFO - mode ALL COIN: 122 simbol (122 coin terdeteksi, emas selalu diikutkan)
2026-09-11 09:34:11,680 - INFO - mode ALL COIN: 122 simbol (122 coin terdeteksi, emas selalu diikutkan)
2026-09-11 09:34:41,529 - INFO - mode ALL COIN: 122 simbol (122 coin terdeteksi, emas selalu diikutkan)
2026-09-11 09:35:11,931 - INFO - mode ALL COIN: 122 simbol (122 coin terdeteksi, emas selalu diikutkan)
2026-09-11 09:35:42,298 - INFO - mode ALL COIN: 122 simbol (122 coin terdeteksi, emas selalu diikutkan)
2026-09-11 09:36:12,115 - INFO - mode ALL COIN: 122 simbol (122 coin terdeteksi, emas selalu diikutkan)
2026-09-11 09:36:42,387 - INFO - mode ALL COIN: 122 simbol (122 coin terdeteksi, emas selalu diikutkan)
2026-09-11 09:37:13,099 - INFO - mode ALL COIN: 122 simbol (122 coin terdeteksi, emas selalu diikutkan)
2026-09-11 09:37:43,696 - INFO - mode ALL COIN: 122 simbol (122 coin terdeteksi, emas selalu diikutkan)
2026-09-11 09:38:14,640 - INFO - mode ALL COIN: 122 simbol (122 coin terdeteksi, emas selalu diikutkan)
2026-09-11 09:38:45,283 - INFO - mode ALL COIN: 122 simbol (122 coin terdeteksi, emas selalu diikutkan)
2026-09-11 09:39:16,373 - INFO - mode ALL COIN: 121 simbol (121 coin terdeteksi, emas selalu diikutkan)
2026-09-11 09:39:47,722 - INFO - mode ALL COIN: 121 simbol (121 coin terdeteksi, emas selalu diikutkan)
2026-09-11 09:40:19,200 - INFO - mode ALL COIN: 121 simbol (121 coin terdeteksi, emas selalu diikutkan)
2026-09-11 09:40:51,221 - INFO - mode ALL COIN: 121 simbol (121 coin terdeteksi, emas selalu diikutkan)
2026-09-11 09:41:22,792 - INFO - mode ALL COIN: 121 simbol (121 coin terdeteksi, emas selalu diikutkan)
2026-09-11 09:41:52,831 - INFO - mode ALL COIN: 121 simbol (121 coin terdeteksi, emas selalu diikutkan)
2026-09-11 09:42:22,646 - INFO - mode ALL COIN: 121 simbol (121 coin terdeteksi, emas selalu diikutkan)
2026-09-11 09:42:51,830 - INFO - mode ALL COIN: 121 simbol (121 coin terdeteksi, emas selalu diikutkan)
2026-09-11 09:43:21,271 - INFO - mode ALL COIN: 121 simbol (121 coin terdeteksi, emas selalu diikutkan)
2026-09-11 09:43:51,033 - INFO - mode ALL COIN: 121 simbol (121 coin terdeteksi, emas selalu diikutkan)
2026-09-11 09:44:20,743 - INFO - mode ALL COIN: 121 simbol (121 coin terdeteksi, emas selalu diikutkan)
2026-09-11 09:44:51,633 - INFO - mode ALL COIN: 121 simbol (121 coin terdeteksi, emas selalu diikutkan)
2026-09-11 09:45:22,457 - INFO - mode ALL COIN: 121 simbol (121 coin terdeteksi, emas selalu diikutkan)
2026-09-11 09:45:52,582 - INFO - mode ALL COIN: 121 simbol (121 coin terdeteksi, emas selalu diikutkan)
2026-09-11 09:46:22,678 - INFO - mode ALL COIN: 121 simbol (121 coin terdeteksi, emas selalu diikutkan)
2026-09-11 09:46:51,720 - INFO - mode ALL COIN: 121 simbol (121 coin terdeteksi, emas selalu diikutkan)
2026-09-11 09:47:21,296 - INFO - mode ALL COIN: 121 simbol (121 coin terdeteksi, emas selalu diikutkan)
2026-09-11 09:47:50,844 - INFO - mode ALL COIN: 121 simbol (121 coin terdeteksi, emas selalu diikutkan)
2026-09-11 09:48:20,395 - INFO - mode ALL COIN: 121 simbol (121 coin terdeteksi, emas selalu diikutkan)
2026-09-11 09:48:51,440 - INFO - mode ALL COIN: 122 simbol (122 coin terdeteksi, emas selalu diikutkan)
2026-09-11 09:49:23,095 - INFO - mode ALL COIN: 122 simbol (122 coin terdeteksi, emas selalu diikutkan)
2026-09-11 09:49:54,507 - INFO - mode ALL COIN: 122 simbol (122 coin terdeteksi, emas selalu diikutkan)
2026-09-11 09:50:26,632 - INFO - mode ALL COIN: 122 simbol (122 coin terdeteksi, emas selalu diikutkan)
2026-09-11 09:50:57,408 - INFO - mode ALL COIN: 121 simbol (121 coin terdeteksi, emas selalu diikutkan)
2026-09-11 09:51:28,470 - INFO - mode ALL COIN: 121 simbol (121 coin terdeteksi, emas selalu diikutkan)
2026-09-11 09:51:59,247 - INFO - mode ALL COIN: 121 simbol (121 coin terdeteksi, emas selalu diikutkan)
2026-09-11 09:52:29,352 - INFO - mode ALL COIN: 121 simbol (121 coin terdeteksi, emas selalu diikutkan)
2026-09-11 09:53:00,071 - INFO - mode ALL COIN: 121 simbol (121 coin terdeteksi, emas selalu diikutkan)
2026-09-11 09:53:30,795 - INFO - mode ALL COIN: 121 simbol (121 coin terdeteksi, emas selalu diikutkan)
2026-09-11 09:54:00,737 - INFO - mode ALL COIN: 121 simbol (121 coin terdeteksi, emas selalu diikutkan)
2026-09-11 09:54:31,016 - INFO - mode ALL COIN: 121 simbol (121 coin terdeteksi, emas selalu diikutkan)
2026-09-11 09:55:00,924 - INFO - mode ALL COIN: 122 simbol (122 coin terdeteksi, emas selalu diikutkan)
2026-09-11 09:55:31,872 - INFO - mode ALL COIN: 122 simbol (122 coin terdeteksi, emas selalu diikutkan)
2026-09-11 09:56:02,311 - INFO - mode ALL COIN: 122 simbol (122 coin terdeteksi, emas selalu diikutkan)
2026-09-11 09:56:33,551 - INFO - mode ALL COIN: 122 simbol (122 coin terdeteksi, emas selalu diikutkan)
2026-09-11 09:57:04,030 - INFO - mode ALL COIN: 122 simbol (122 coin terdeteksi, emas selalu diikutkan)
2026-09-11 09:57:34,016 - INFO - mode ALL COIN: 122 simbol (122 coin terdeteksi, emas selalu diikutkan)
2026-09-11 09:58:03,216 - INFO - mode ALL COIN: 122 simbol (122 coin terdeteksi, emas selalu diikutkan)
2026-09-11 09:58:32,784 - INFO - mode ALL COIN: 122 simbol (122 coin terdeteksi, emas selalu diikutkan)
2026-09-11 09:59:01,918 - INFO - mode ALL COIN: 122 simbol (122 coin terdeteksi, emas selalu diikutkan)
2026-09-11 09:59:32,686 - INFO - mode ALL COIN: 122 simbol (122 coin terdeteksi, emas selalu diikutkan)
2026-09-11 10:00:03,991 - INFO - mode ALL COIN: 122 simbol (122 coin terdeteksi, emas selalu diikutkan)
2026-09-11 10:00:08,540 - ERROR - Too many visits. Exceeded the API Rate Limit. (ErrCode: 10006). Hit the API rate limit on https://api.bybit.com/v5/market/kline?category=linear&interval=240&limit=500&symbol=LITUSDT. Sleeping then trying again.
2026-09-11 10:00:08,540 - ERROR - API rate limit will reset at 11:00:10.540. Sleeping for 2000 ms. Retrying...
2026-09-11 10:00:11,262 - ERROR - Too many visits. Exceeded the API Rate Limit. (ErrCode: 10006). Hit the API rate limit on https://api.bybit.com/v5/market/kline?category=linear&interval=60&limit=500&symbol=BCHUSDT. Sleeping then trying again.
2026-09-11 10:00:11,262 - ERROR - API rate limit will reset at 11:00:13.262. Sleeping for 2000 ms. Retrying...
2026-09-11 10:00:13,928 - ERROR - Too many visits. Exceeded the API Rate Limit. (ErrCode: 10006). Hit the API rate limit on https://api.bybit.com/v5/market/kline?category=linear&interval=240&limit=500&symbol=FARTCOINUSDT. Sleeping then trying again.
2026-09-11 10:00:13,928 - ERROR - API rate limit will reset at 11:00:15.928. Sleeping for 2000 ms. Retrying...
2026-09-11 10:00:18,259 - ERROR - Too many visits. Exceeded the API Rate Limit. (ErrCode: 10006). Hit the API rate limit on https://api.bybit.com/v5/market/kline?category=linear&interval=240&limit=500&symbol=AAVEUSDT. Sleeping then trying again.
2026-09-11 10:00:18,259 - ERROR - API rate limit will reset at 11:00:20.259. Sleeping for 2000 ms. Retrying...
2026-09-11 10:00:43,276 - INFO - mode ALL COIN: 122 simbol (122 coin terdeteksi, emas selalu diikutkan)
2026-09-11 10:01:14,066 - INFO - mode ALL COIN: 122 simbol (122 coin terdeteksi, emas selalu diikutkan)
2026-09-11 10:01:45,112 - INFO - mode ALL COIN: 122 simbol (122 coin terdeteksi, emas selalu diikutkan)
2026-09-11 10:02:15,391 - INFO - mode ALL COIN: 122 simbol (122 coin terdeteksi, emas selalu diikutkan)
2026-09-11 10:02:45,731 - INFO - mode ALL COIN: 122 simbol (122 coin terdeteksi, emas selalu diikutkan)
2026-09-11 10:02:48,652 - INFO - ◈ EIGENUSDT GE-R3 LONG | 15M 3/4 · 1H +0 · 4H +0 | zona ▼D 8.0/10 @ 0.2123-0.211241 | RR 1.21
2026-09-11 10:02:48,652 - INFO - EIGENUSDT setup GE-R3 LONG zone 8.0/10 rr 1.21
2026-09-11 10:02:48,661 - INFO - ⊘ EIGENUSDT min-qty memaksa risiko $2.80 > cap — di-skip (retry 30m)
2026-09-11 10:03:15,481 - INFO - mode ALL COIN: 122 simbol (122 coin terdeteksi, emas selalu diikutkan)
2026-09-11 10:03:45,443 - INFO - mode ALL COIN: 122 simbol (122 coin terdeteksi, emas selalu diikutkan)
2026-09-11 10:04:14,977 - INFO - mode ALL COIN: 122 simbol (122 coin terdeteksi, emas selalu diikutkan)
2026-09-11 10:04:45,598 - INFO - mode ALL COIN: 122 simbol (122 coin terdeteksi, emas selalu diikutkan)
2026-09-11 10:05:16,077 - INFO - mode ALL COIN: 122 simbol (122 coin terdeteksi, emas selalu diikutkan)
2026-09-11 10:05:47,480 - INFO - mode ALL COIN: 122 simbol (122 coin terdeteksi, emas selalu diikutkan)
2026-09-11 10:06:18,452 - INFO - mode ALL COIN: 122 simbol (122 coin terdeteksi, emas selalu diikutkan)
2026-09-11 10:06:50,179 - INFO - mode ALL COIN: 122 simbol (122 coin terdeteksi, emas selalu diikutkan)
2026-09-11 10:07:21,183 - INFO - mode ALL COIN: 122 simbol (122 coin terdeteksi, emas selalu diikutkan)
2026-09-11 10:07:52,884 - INFO - mode ALL COIN: 121 simbol (121 coin terdeteksi, emas selalu diikutkan)
2026-09-11 10:08:23,082 - INFO - mode ALL COIN: 121 simbol (121 coin terdeteksi, emas selalu diikutkan)
2026-09-11 10:08:52,975 - INFO - mode ALL COIN: 121 simbol (121 coin terdeteksi, emas selalu diikutkan)
2026-09-11 10:09:22,428 - INFO - mode ALL COIN: 121 simbol (121 coin terdeteksi, emas selalu diikutkan)
2026-09-11 10:09:51,942 - INFO - mode ALL COIN: 121 simbol (121 coin terdeteksi, emas selalu diikutkan)
2026-09-11 10:10:20,992 - INFO - mode ALL COIN: 121 simbol (121 coin terdeteksi, emas selalu diikutkan)
2026-09-11 10:10:50,491 - INFO - mode ALL COIN: 121 simbol (121 coin terdeteksi, emas selalu diikutkan)
2026-09-11 10:11:20,872 - INFO - mode ALL COIN: 121 simbol (121 coin terdeteksi, emas selalu diikutkan)
2026-09-11 10:11:51,935 - INFO - mode ALL COIN: 121 simbol (121 coin terdeteksi, emas selalu diikutkan)
2026-09-11 10:12:21,999 - INFO - mode ALL COIN: 121 simbol (121 coin terdeteksi, emas selalu diikutkan)
2026-09-11 10:12:52,228 - INFO - mode ALL COIN: 121 simbol (121 coin terdeteksi, emas selalu diikutkan)
2026-09-11 10:13:21,785 - INFO - mode ALL COIN: 121 simbol (121 coin terdeteksi, emas selalu diikutkan)
2026-09-11 10:13:51,359 - INFO - mode ALL COIN: 121 simbol (121 coin terdeteksi, emas selalu diikutkan)
2026-09-11 10:14:20,499 - INFO - mode ALL COIN: 121 simbol (121 coin terdeteksi, emas selalu diikutkan)
2026-09-11 10:14:49,412 - INFO - mode ALL COIN: 121 simbol (121 coin terdeteksi, emas selalu diikutkan)
2026-09-11 10:15:20,177 - INFO - mode ALL COIN: 121 simbol (121 coin terdeteksi, emas selalu diikutkan)
2026-09-11 10:15:51,780 - INFO - mode ALL COIN: 121 simbol (121 coin terdeteksi, emas selalu diikutkan)
2026-09-11 10:16:23,617 - INFO - mode ALL COIN: 121 simbol (121 coin terdeteksi, emas selalu diikutkan)
2026-09-11 10:16:56,163 - INFO - mode ALL COIN: 121 simbol (121 coin terdeteksi, emas selalu diikutkan)
2026-09-11 10:17:28,461 - INFO - mode ALL COIN: 121 simbol (121 coin terdeteksi, emas selalu diikutkan)
2026-09-11 10:17:59,083 - INFO - mode ALL COIN: 121 simbol (121 coin terdeteksi, emas selalu diikutkan)
2026-09-11 10:18:29,549 - INFO - mode ALL COIN: 121 simbol (121 coin terdeteksi, emas selalu diikutkan)
2026-09-11 10:18:58,539 - INFO - mode ALL COIN: 121 simbol (121 coin terdeteksi, emas selalu diikutkan)
2026-09-11 10:19:28,559 - INFO - mode ALL COIN: 121 simbol (121 coin terdeteksi, emas selalu diikutkan)
2026-09-11 10:19:58,670 - INFO - mode ALL COIN: 121 simbol (121 coin terdeteksi, emas selalu diikutkan)
2026-09-11 10:20:28,204 - INFO - mode ALL COIN: 121 simbol (121 coin terdeteksi, emas selalu diikutkan)
2026-09-11 10:20:58,636 - INFO - mode ALL COIN: 121 simbol (121 coin terdeteksi, emas selalu diikutkan)
2026-09-11 10:21:29,678 - INFO - mode ALL COIN: 121 simbol (121 coin terdeteksi, emas selalu diikutkan)
2026-09-11 10:22:00,250 - INFO - mode ALL COIN: 121 simbol (121 coin terdeteksi, emas selalu diikutkan)
2026-09-11 10:22:30,783 - INFO - mode ALL COIN: 121 simbol (121 coin terdeteksi, emas selalu diikutkan)
2026-09-11 10:22:59,538 - INFO - mode ALL COIN: 121 simbol (121 coin terdeteksi, emas selalu diikutkan)
2026-09-11 10:23:29,029 - INFO - mode ALL COIN: 121 simbol (121 coin terdeteksi, emas selalu diikutkan)
2026-09-11 10:23:58,597 - INFO - mode ALL COIN: 121 simbol (121 coin terdeteksi, emas selalu diikutkan)
2026-09-11 10:24:27,934 - INFO - mode ALL COIN: 121 simbol (121 coin terdeteksi, emas selalu diikutkan)
2026-09-11 10:24:58,309 - INFO - mode ALL COIN: 121 simbol (121 coin terdeteksi, emas selalu diikutkan)
2026-09-11 10:25:29,137 - INFO - mode ALL COIN: 121 simbol (121 coin terdeteksi, emas selalu diikutkan)
2026-09-11 10:25:59,510 - INFO - mode ALL COIN: 120 simbol (120 coin terdeteksi, emas selalu diikutkan)
2026-09-11 10:26:29,852 - INFO - mode ALL COIN: 120 simbol (120 coin terdeteksi, emas selalu diikutkan)
2026-09-11 10:26:58,700 - INFO - mode ALL COIN: 120 simbol (120 coin terdeteksi, emas selalu diikutkan)
2026-09-11 10:27:28,364 - INFO - mode ALL COIN: 121 simbol (121 coin terdeteksi, emas selalu diikutkan)
2026-09-11 10:27:58,261 - INFO - mode ALL COIN: 121 simbol (121 coin terdeteksi, emas selalu diikutkan)
2026-09-11 10:28:27,665 - INFO - mode ALL COIN: 121 simbol (121 coin terdeteksi, emas selalu diikutkan)
2026-09-11 10:28:57,802 - INFO - mode ALL COIN: 121 simbol (121 coin terdeteksi, emas selalu diikutkan)
2026-09-11 10:29:28,889 - INFO - mode ALL COIN: 121 simbol (121 coin terdeteksi, emas selalu diikutkan)
2026-09-11 10:30:00,012 - INFO - mode ALL COIN: 121 simbol (121 coin terdeteksi, emas selalu diikutkan)
2026-09-11 10:30:32,441 - INFO - mode ALL COIN: 121 simbol (121 coin terdeteksi, emas selalu diikutkan)
2026-09-11 10:31:03,855 - INFO - mode ALL COIN: 121 simbol (121 coin terdeteksi, emas selalu diikutkan)
2026-09-11 10:31:35,341 - INFO - mode ALL COIN: 121 simbol (121 coin terdeteksi, emas selalu diikutkan)
2026-09-11 10:32:05,286 - INFO - mode ALL COIN: 121 simbol (121 coin terdeteksi, emas selalu diikutkan)
2026-09-11 10:32:13,148 - INFO - ◈ APTUSDT GE-R3 LONG | 15M 3/4 · 1H +0 · 4H +0 | zona ▼D 7.6/10 @ 0.64634-0.642862 | RR 2.07
2026-09-11 10:32:13,149 - INFO - APTUSDT setup GE-R3 LONG zone 7.6/10 rr 2.07
2026-09-11 10:32:13,185 - INFO - APTUSDT lev 25x (std ALT 25x · akun real · REAL=DEMO)
2026-09-11 10:32:14,451 - INFO - ▲ LONG APTUSDT [GE-R3] @ 0.645074 25x | 15M 3/4 7.6/10 RR 2.07 TP 0.657559 SL 0.639818
2026-09-11 10:32:14,451 - INFO - APTUSDT ENTRY Buy @ 0.645074 25x TP 0.657559 SL 0.639818 zone 7.6/10 rr 2.07
2026-09-11 10:32:37,109 - INFO - mode ALL COIN: 121 simbol (121 coin terdeteksi, emas selalu diikutkan)
2026-09-11 10:32:38,195 - INFO - ⚠ APTUSDT POSISI TANPA SL — dipasang ulang @ 0.635937
2026-09-11 10:33:07,931 - INFO - mode ALL COIN: 121 simbol (121 coin terdeteksi, emas selalu diikutkan)
2026-09-11 10:33:09,549 - INFO - [BE] DOTUSDT BE @ 1.11367 (1.00R)
2026-09-11 10:33:38,611 - INFO - mode ALL COIN: 121 simbol (121 coin terdeteksi, emas selalu diikutkan)
2026-09-11 10:34:08,619 - INFO - mode ALL COIN: 121 simbol (121 coin terdeteksi, emas selalu diikutkan)
2026-09-11 10:34:39,317 - INFO - mode ALL COIN: 121 simbol (121 coin terdeteksi, emas selalu diikutkan)
2026-09-11 10:35:09,329 - INFO - mode ALL COIN: 121 simbol (121 coin terdeteksi, emas selalu diikutkan)
2026-09-11 10:35:40,671 - INFO - mode ALL COIN: 121 simbol (121 coin terdeteksi, emas selalu diikutkan)
2026-09-11 10:36:11,700 - INFO - mode ALL COIN: 121 simbol (121 coin terdeteksi, emas selalu diikutkan)
2026-09-11 10:36:43,815 - INFO - mode ALL COIN: 121 simbol (121 coin terdeteksi, emas selalu diikutkan)
2026-09-11 10:37:15,998 - INFO - mode ALL COIN: 121 simbol (121 coin terdeteksi, emas selalu diikutkan)
2026-09-11 10:37:47,991 - INFO - mode ALL COIN: 121 simbol (121 coin terdeteksi, emas selalu diikutkan)
2026-09-11 10:38:18,967 - INFO - mode ALL COIN: 121 simbol (121 coin terdeteksi, emas selalu diikutkan)
2026-09-11 10:38:48,551 - INFO - mode ALL COIN: 121 simbol (121 coin terdeteksi, emas selalu diikutkan)
2026-09-11 10:39:18,589 - INFO - mode ALL COIN: 121 simbol (121 coin terdeteksi, emas selalu diikutkan)
2026-09-11 10:39:48,619 - INFO - mode ALL COIN: 121 simbol (121 coin terdeteksi, emas selalu diikutkan)
2026-09-11 10:40:18,274 - INFO - mode ALL COIN: 121 simbol (121 coin terdeteksi, emas selalu diikutkan)
2026-09-11 10:40:48,959 - INFO - mode ALL COIN: 121 simbol (121 coin terdeteksi, emas selalu diikutkan)
2026-09-11 10:41:19,996 - INFO - mode ALL COIN: 121 simbol (121 coin terdeteksi, emas selalu diikutkan)
2026-09-11 10:41:50,883 - INFO - mode ALL COIN: 121 simbol (121 coin terdeteksi, emas selalu diikutkan)
2026-09-11 10:42:22,248 - INFO - mode ALL COIN: 121 simbol (121 coin terdeteksi, emas selalu diikutkan)
2026-09-11 10:42:52,857 - INFO - mode ALL COIN: 121 simbol (121 coin terdeteksi, emas selalu diikutkan)
2026-09-11 10:43:23,570 - INFO - mode ALL COIN: 121 simbol (121 coin terdeteksi, emas selalu diikutkan)
2026-09-11 10:43:53,675 - INFO - mode ALL COIN: 121 simbol (121 coin terdeteksi, emas selalu diikutkan)
2026-09-11 10:44:23,353 - INFO - mode ALL COIN: 121 simbol (121 coin terdeteksi, emas selalu diikutkan)
2026-09-11 10:44:24,452 - INFO - [BE] APTUSDT BE @ 0.64617 (1.03R)
2026-09-11 10:44:53,335 - INFO - mode ALL COIN: 121 simbol (121 coin terdeteksi, emas selalu diikutkan)
2026-09-11 10:45:23,545 - INFO - mode ALL COIN: 121 simbol (121 coin terdeteksi, emas selalu diikutkan)
2026-09-11 10:45:53,816 - INFO - mode ALL COIN: 121 simbol (121 coin terdeteksi, emas selalu diikutkan)
2026-09-11 10:46:25,222 - INFO - mode ALL COIN: 121 simbol (121 coin terdeteksi, emas selalu diikutkan)
2026-09-11 10:46:56,192 - INFO - mode ALL COIN: 121 simbol (121 coin terdeteksi, emas selalu diikutkan)
2026-09-11 10:46:59,370 - INFO - ◈ SOLUSDT GE-R3 SHORT | 15M 3/4 · 1H +0 · 4H +0 | zona ▲S 3.8/10 @ 99.6813-99.4832 | RR 1.77
2026-09-11 10:46:59,370 - INFO - SOLUSDT setup GE-R3 SHORT zone 3.8/10 rr 1.77
2026-09-11 10:46:59,370 - INFO - ⊘ SOLUSDT slot penuh 3/3
2026-09-11 10:47:27,029 - INFO - mode ALL COIN: 121 simbol (121 coin terdeteksi, emas selalu diikutkan)
2026-09-11 10:47:57,340 - INFO - mode ALL COIN: 121 simbol (121 coin terdeteksi, emas selalu diikutkan)
2026-09-11 10:48:26,848 - INFO - mode ALL COIN: 121 simbol (121 coin terdeteksi, emas selalu diikutkan)
2026-09-11 10:48:57,007 - INFO - mode ALL COIN: 121 simbol (121 coin terdeteksi, emas selalu diikutkan)
2026-09-11 10:49:27,484 - INFO - mode ALL COIN: 121 simbol (121 coin terdeteksi, emas selalu diikutkan)
2026-09-11 10:49:58,472 - INFO - mode ALL COIN: 121 simbol (121 coin terdeteksi, emas selalu diikutkan)
2026-09-11 10:50:30,975 - INFO - mode ALL COIN: 121 simbol (121 coin terdeteksi, emas selalu diikutkan)
2026-09-11 10:51:02,665 - INFO - mode ALL COIN: 121 simbol (121 coin terdeteksi, emas selalu diikutkan)
2026-09-11 10:51:33,969 - INFO - mode ALL COIN: 121 simbol (121 coin terdeteksi, emas selalu diikutkan)
2026-09-11 10:52:04,014 - INFO - mode ALL COIN: 121 simbol (121 coin terdeteksi, emas selalu diikutkan)
2026-09-11 10:52:05,119 - INFO - ■ APTUSDT closed-ex ditutup — PnL +0.70$ (ROI +6.3%)
2026-09-11 10:52:05,119 - INFO - APTUSDT closed-ex ditutup — PnL +0.70$ (ROI +6.3%)
2026-09-11 10:52:34,917 - INFO - mode ALL COIN: 121 simbol (121 coin terdeteksi, emas selalu diikutkan)
2026-09-11 10:53:04,942 - INFO - mode ALL COIN: 121 simbol (121 coin terdeteksi, emas selalu diikutkan)
2026-09-11 10:53:35,176 - INFO - mode ALL COIN: 121 simbol (121 coin terdeteksi, emas selalu diikutkan)
2026-09-11 10:54:05,807 - INFO - mode ALL COIN: 121 simbol (121 coin terdeteksi, emas selalu diikutkan)
2026-09-11 10:54:37,677 - INFO - mode ALL COIN: 121 simbol (121 coin terdeteksi, emas selalu diikutkan)
2026-09-11 10:55:09,652 - INFO - mode ALL COIN: 121 simbol (121 coin terdeteksi, emas selalu diikutkan)
2026-09-11 10:55:41,597 - INFO - mode ALL COIN: 121 simbol (121 coin terdeteksi, emas selalu diikutkan)
2026-09-11 10:56:11,877 - INFO - mode ALL COIN: 121 simbol (121 coin terdeteksi, emas selalu diikutkan)
2026-09-11 10:56:42,311 - INFO - mode ALL COIN: 121 simbol (121 coin terdeteksi, emas selalu diikutkan)
2026-09-11 10:57:12,610 - INFO - mode ALL COIN: 121 simbol (121 coin terdeteksi, emas selalu diikutkan)
2026-09-11 10:57:42,875 - INFO - mode ALL COIN: 121 simbol (121 coin terdeteksi, emas selalu diikutkan)
2026-09-11 10:58:12,668 - INFO - mode ALL COIN: 123 simbol (123 coin terdeteksi, emas selalu diikutkan)
2026-09-11 10:58:43,278 - INFO - mode ALL COIN: 123 simbol (123 coin terdeteksi, emas selalu diikutkan)
2026-09-11 10:59:13,486 - INFO - mode ALL COIN: 122 simbol (122 coin terdeteksi, emas selalu diikutkan)
2026-09-11 10:59:44,803 - INFO - mode ALL COIN: 122 simbol (122 coin terdeteksi, emas selalu diikutkan)
2026-09-11 11:00:14,936 - INFO - mode ALL COIN: 122 simbol (122 coin terdeteksi, emas selalu diikutkan)
2026-09-11 11:00:15,810 - ERROR - Too many visits. Exceeded the API Rate Limit. (ErrCode: 10006). Hit the API rate limit on https://api.bybit.com/v5/market/kline?category=linear&interval=240&limit=500&symbol=DOTUSDT. Sleeping then trying again.
2026-09-11 11:00:15,810 - ERROR - API rate limit will reset at 12:00:17.810. Sleeping for 2000 ms. Retrying...
2026-09-11 11:00:20,941 - ERROR - Too many visits. Exceeded the API Rate Limit. (ErrCode: 10006). Hit the API rate limit on https://api.bybit.com/v5/market/kline?category=linear&interval=240&limit=500&symbol=ONDOUSDT. Sleeping then trying again.
2026-09-11 11:00:20,941 - ERROR - API rate limit will reset at 12:00:22.941. Sleeping for 2000 ms. Retrying...
2026-09-11 11:00:29,462 - ERROR - Too many visits. Exceeded the API Rate Limit. (ErrCode: 10006). Hit the API rate limit on https://api.bybit.com/v5/market/kline?category=linear&interval=240&limit=500&symbol=CASHCATUSDT. Sleeping then trying again.
2026-09-11 11:00:29,462 - ERROR - API rate limit will reset at 12:00:31.462. Sleeping for 2000 ms. Retrying...
2026-09-11 11:00:52,323 - INFO - mode ALL COIN: 122 simbol (122 coin terdeteksi, emas selalu diikutkan)
2026-09-11 11:01:23,306 - INFO - mode ALL COIN: 123 simbol (123 coin terdeteksi, emas selalu diikutkan)
2026-09-11 11:01:53,048 - INFO - mode ALL COIN: 123 simbol (123 coin terdeteksi, emas selalu diikutkan)
2026-09-11 11:02:22,030 - INFO - mode ALL COIN: 123 simbol (123 coin terdeteksi, emas selalu diikutkan)
2026-09-11 11:02:51,721 - INFO - mode ALL COIN: 123 simbol (123 coin terdeteksi, emas selalu diikutkan)
2026-09-11 11:03:21,115 - INFO - mode ALL COIN: 123 simbol (123 coin terdeteksi, emas selalu diikutkan)
2026-09-11 11:03:28,735 - INFO - ◈ ENAUSDT GE-R3 SHORT | 15M 3/4 · 1H +0 · 4H +0 | zona ▲S 4.7/10 @ 0.1468-0.14616 | RR 1.60
2026-09-11 11:03:28,735 - INFO - ENAUSDT setup GE-R3 SHORT zone 4.7/10 rr 1.60
2026-09-11 11:03:28,776 - INFO - ENAUSDT lev 25x (std ALT 25x · akun real · REAL=DEMO)
2026-09-11 11:03:30,025 - INFO - ▼ SHORT ENAUSDT [GE-R3] @ 0.14577 25x | 15M 3/4 4.7/10 RR 1.60 TP 0.143366 SL 0.147498
2026-09-11 11:03:30,025 - INFO - ENAUSDT ENTRY Sell @ 0.14577 25x TP 0.143366 SL 0.147498 zone 4.7/10 rr 1.60
2026-09-11 11:03:53,711 - INFO - mode ALL COIN: 124 simbol (124 coin terdeteksi, emas selalu diikutkan)
2026-09-11 11:03:54,967 - INFO - ⚠ ENAUSDT POSISI TANPA SL — dipasang ulang @ 0.147864
2026-09-11 11:04:25,249 - INFO - mode ALL COIN: 124 simbol (124 coin terdeteksi, emas selalu diikutkan)
2026-09-11 11:04:56,086 - INFO - mode ALL COIN: 124 simbol (124 coin terdeteksi, emas selalu diikutkan)
2026-09-11 11:05:26,313 - INFO - mode ALL COIN: 124 simbol (124 coin terdeteksi, emas selalu diikutkan)
2026-09-11 11:05:56,386 - INFO - mode ALL COIN: 124 simbol (124 coin terdeteksi, emas selalu diikutkan)
2026-09-11 11:06:25,969 - INFO - mode ALL COIN: 124 simbol (124 coin terdeteksi, emas selalu diikutkan)
2026-09-11 11:06:57,274 - INFO - mode ALL COIN: 125 simbol (125 coin terdeteksi, emas selalu diikutkan)
2026-09-11 11:07:29,090 - INFO - mode ALL COIN: 125 simbol (125 coin terdeteksi, emas selalu diikutkan)
2026-09-11 11:08:02,503 - INFO - mode ALL COIN: 125 simbol (125 coin terdeteksi, emas selalu diikutkan)
2026-09-11 11:08:35,068 - INFO - mode ALL COIN: 125 simbol (125 coin terdeteksi, emas selalu diikutkan)
2026-09-11 11:09:07,141 - INFO - mode ALL COIN: 125 simbol (125 coin terdeteksi, emas selalu diikutkan)
2026-09-11 11:09:38,698 - INFO - mode ALL COIN: 125 simbol (125 coin terdeteksi, emas selalu diikutkan)
2026-09-11 11:10:09,536 - INFO - mode ALL COIN: 125 simbol (125 coin terdeteksi, emas selalu diikutkan)
2026-09-11 11:10:41,139 - INFO - mode ALL COIN: 125 simbol (125 coin terdeteksi, emas selalu diikutkan)
2026-09-11 11:11:11,874 - INFO - mode ALL COIN: 125 simbol (125 coin terdeteksi, emas selalu diikutkan)
2026-09-11 11:11:43,958 - INFO - mode ALL COIN: 125 simbol (125 coin terdeteksi, emas selalu diikutkan)
2026-09-11 11:12:16,374 - INFO - mode ALL COIN: 125 simbol (125 coin terdeteksi, emas selalu diikutkan)
2026-09-11 11:12:49,838 - INFO - mode ALL COIN: 125 simbol (125 coin terdeteksi, emas selalu diikutkan)
2026-09-11 11:13:23,864 - INFO - mode ALL COIN: 125 simbol (125 coin terdeteksi, emas selalu diikutkan)
2026-09-11 11:13:57,877 - INFO - mode ALL COIN: 125 simbol (125 coin terdeteksi, emas selalu diikutkan)
2026-09-11 11:14:30,899 - INFO - mode ALL COIN: 125 simbol (125 coin terdeteksi, emas selalu diikutkan)
2026-09-11 11:15:03,487 - INFO - mode ALL COIN: 125 simbol (125 coin terdeteksi, emas selalu diikutkan)
2026-09-11 11:15:05,700 - INFO - ◈ BTCUSDT GE-R3 SHORT | 15M 3/4 · 1H +0 · 4H +0 | zona ▲S 3.5/10 @ 77087.3-77001.9 | RR 1.44
2026-09-11 11:15:05,700 - INFO - BTCUSDT setup GE-R3 SHORT zone 3.5/10 rr 1.44
2026-09-11 11:15:05,700 - INFO - ⊘ BTCUSDT slot penuh 3/3
2026-09-11 11:15:13,475 - INFO - ◈ SOLUSDT GE-R3 SHORT | 15M 3/4 · 1H +0 · 4H +0 | zona ▲S 3.9/10 @ 99.6814-99.4832 | RR 2.14
2026-09-11 11:15:13,475 - INFO - SOLUSDT setup GE-R3 SHORT zone 3.9/10 rr 2.14
2026-09-11 11:15:13,476 - INFO - ⊘ SOLUSDT slot penuh 3/3
2026-09-11 11:15:34,418 - INFO - mode ALL COIN: 125 simbol (125 coin terdeteksi, emas selalu diikutkan)
2026-09-11 11:15:37,100 - INFO - ◈ XRPUSDT GE-R3 SHORT | 15M 3/4 · 1H +0 · 4H +0 | zona ▲S 3.6/10 @ 1.34869-1.34598 | RR 2.25
2026-09-11 11:15:37,100 - INFO - XRPUSDT setup GE-R3 SHORT zone 3.6/10 rr 2.25
2026-09-11 11:15:37,100 - INFO - ⊘ XRPUSDT slot penuh 3/3
2026-09-11 11:16:05,783 - INFO - mode ALL COIN: 125 simbol (125 coin terdeteksi, emas selalu diikutkan)
2026-09-11 11:16:37,073 - INFO - mode ALL COIN: 125 simbol (125 coin terdeteksi, emas selalu diikutkan)
2026-09-11 11:17:08,261 - INFO - mode ALL COIN: 125 simbol (125 coin terdeteksi, emas selalu diikutkan)
2026-09-11 11:17:39,539 - INFO - mode ALL COIN: 125 simbol (125 coin terdeteksi, emas selalu diikutkan)
2026-09-11 11:18:10,667 - INFO - mode ALL COIN: 125 simbol (125 coin terdeteksi, emas selalu diikutkan)
2026-09-11 11:18:42,787 - INFO - mode ALL COIN: 125 simbol (125 coin terdeteksi, emas selalu diikutkan)
2026-09-11 11:19:14,394 - INFO - mode ALL COIN: 125 simbol (125 coin terdeteksi, emas selalu diikutkan)
2026-09-11 11:19:46,805 - INFO - mode ALL COIN: 125 simbol (125 coin terdeteksi, emas selalu diikutkan)
2026-09-11 11:20:18,425 - INFO - mode ALL COIN: 125 simbol (125 coin terdeteksi, emas selalu diikutkan)
2026-09-11 11:20:49,293 - INFO - mode ALL COIN: 126 simbol (126 coin terdeteksi, emas selalu diikutkan)
2026-09-11 11:20:49,862 - INFO - [BE] NEARUSDT BE @ 2.41911 (1.23R)
2026-09-11 11:21:19,841 - INFO - mode ALL COIN: 126 simbol (126 coin terdeteksi, emas selalu diikutkan)
2026-09-11 11:21:51,048 - INFO - mode ALL COIN: 126 simbol (126 coin terdeteksi, emas selalu diikutkan)
2026-09-11 11:22:22,081 - INFO - mode ALL COIN: 126 simbol (126 coin terdeteksi, emas selalu diikutkan)
2026-09-11 11:22:54,378 - INFO - mode ALL COIN: 126 simbol (126 coin terdeteksi, emas selalu diikutkan)
2026-09-11 11:23:25,471 - INFO - mode ALL COIN: 126 simbol (126 coin terdeteksi, emas selalu diikutkan)
2026-09-11 11:23:27,108 - INFO - ◆ DOTUSDT TP1 1.12722 tercapai — 124.7 ditutup (+1.93$ terkunci) → RIDE aktif
2026-09-11 11:23:27,120 - ERROR - ride DOTUSDT: not modified (ErrCode: 34040) (ErrTime: 04:23:27).
Request → POST https://api.bybit.com/v5/position/trading-stop: {"category": "linear", "symbol": "DOTUSDT", "stopLoss": "1.1136689742", "positionIdx": 0}.
2026-09-11 11:23:56,782 - INFO - mode ALL COIN: 126 simbol (126 coin terdeteksi, emas selalu diikutkan)
2026-09-11 11:24:27,342 - INFO - mode ALL COIN: 126 simbol (126 coin terdeteksi, emas selalu diikutkan)
2026-09-11 11:24:57,918 - INFO - mode ALL COIN: 126 simbol (126 coin terdeteksi, emas selalu diikutkan)
2026-09-11 11:25:28,881 - INFO - mode ALL COIN: 126 simbol (126 coin terdeteksi, emas selalu diikutkan)
2026-09-11 11:25:30,609 - INFO - » DOTUSDT trailing @ 2.09R
2026-09-11 11:26:00,386 - INFO - mode ALL COIN: 126 simbol (126 coin terdeteksi, emas selalu diikutkan)
2026-09-11 11:26:32,070 - INFO - mode ALL COIN: 126 simbol (126 coin terdeteksi, emas selalu diikutkan)
2026-09-11 11:27:03,848 - INFO - mode ALL COIN: 126 simbol (126 coin terdeteksi, emas selalu diikutkan)
2026-09-11 11:27:04,375 - INFO - » NEARUSDT trailing @ 2.31R
2026-09-11 11:27:33,941 - INFO - mode ALL COIN: 126 simbol (126 coin terdeteksi, emas selalu diikutkan)
2026-09-11 11:28:04,599 - INFO - mode ALL COIN: 126 simbol (126 coin terdeteksi, emas selalu diikutkan)
2026-09-11 11:28:35,287 - INFO - mode ALL COIN: 126 simbol (126 coin terdeteksi, emas selalu diikutkan)
2026-09-11 11:29:06,164 - INFO - mode ALL COIN: 126 simbol (126 coin terdeteksi, emas selalu diikutkan)
2026-09-11 11:29:38,034 - INFO - mode ALL COIN: 126 simbol (126 coin terdeteksi, emas selalu diikutkan)
2026-09-11 11:30:09,773 - INFO - mode ALL COIN: 126 simbol (126 coin terdeteksi, emas selalu diikutkan)
2026-09-11 11:30:13,502 - ERROR - Too many visits. Exceeded the API Rate Limit. (ErrCode: 10006). Hit the API rate limit on https://api.bybit.com/v5/market/kline?category=linear&interval=240&limit=500&symbol=HBARUSDT. Sleeping then trying again.
2026-09-11 11:30:13,502 - ERROR - API rate limit will reset at 12:30:15.502. Sleeping for 2000 ms. Retrying...
2026-09-11 11:30:18,134 - INFO - ◈ POLUSDT GE-R3 SHORT | 15M 4/4 · 1H +0 · 4H +0 | zona ▲S 4.1/10 @ 0.0937077-0.0934567 | RR 3.26
2026-09-11 11:30:18,134 - INFO - POLUSDT setup GE-R3 SHORT zone 4.1/10 rr 3.26
2026-09-11 11:30:18,134 - INFO - ⊘ POLUSDT slot penuh 3/3
2026-09-11 11:30:44,325 - INFO - mode ALL COIN: 126 simbol (126 coin terdeteksi, emas selalu diikutkan)
2026-09-11 11:31:15,158 - INFO - mode ALL COIN: 126 simbol (126 coin terdeteksi, emas selalu diikutkan)
2026-09-11 11:31:23,915 - INFO - ◈ DOGEUSDT GE-R3 SHORT | 15M 4/4 · 1H +0 · 4H +0 | zona ▲S 4.5/10 @ 0.0843618-0.0841539 | RR 2.70
2026-09-11 11:31:23,915 - INFO - DOGEUSDT setup GE-R3 SHORT zone 4.5/10 rr 2.70
2026-09-11 11:31:23,915 - INFO - ⊘ DOGEUSDT slot penuh 3/3
2026-09-11 11:31:46,301 - INFO - mode ALL COIN: 126 simbol (126 coin terdeteksi, emas selalu diikutkan)
2026-09-11 11:32:16,907 - INFO - mode ALL COIN: 126 simbol (126 coin terdeteksi, emas selalu diikutkan)
2026-09-11 11:32:21,555 - INFO - ◈ BNBUSDT GE-R3 SHORT | 15M 4/4 · 1H +0 · 4H +0 | zona ▲S 3.6/10 @ 716.873-715.867 | RR 2.98
2026-09-11 11:32:21,555 - INFO - BNBUSDT setup GE-R3 SHORT zone 3.6/10 rr 2.98
2026-09-11 11:32:21,555 - INFO - ⊘ BNBUSDT slot penuh 3/3
2026-09-11 11:32:22,071 - INFO - ◈ WLDUSDT GE-R3 SHORT | 15M 4/4 · 1H +0 · 4H +0 | zona ▲S 2.6/10 @ 0.404256-0.403079 | RR 1.65
2026-09-11 11:32:22,071 - INFO - WLDUSDT setup GE-R3 SHORT zone 2.6/10 rr 1.65
2026-09-11 11:32:22,071 - INFO - ⊘ WLDUSDT slot penuh 3/3
2026-09-11 11:32:24,651 - INFO - ◈ ONDOUSDT GE-R3 SHORT | 15M 4/4 · 1H +0 · 4H +0 | zona ▲S 4.5/10 @ 0.350549-0.3502 | RR 4.07
2026-09-11 11:32:24,651 - INFO - ONDOUSDT setup GE-R3 SHORT zone 4.5/10 rr 4.07
2026-09-11 11:32:24,651 - INFO - ⊘ ONDOUSDT slot penuh 3/3
2026-09-11 11:32:25,151 - INFO - ◈ TRUMPUSDT GE-R3 SHORT | 15M 4/4 · 1H +0 · 4H +0 | zona ▲S 4.5/10 @ 2.00173-1.99448 | RR 2.88
2026-09-11 11:32:25,152 - INFO - TRUMPUSDT setup GE-R3 SHORT zone 4.5/10 rr 2.88
2026-09-11 11:32:25,152 - INFO - ⊘ TRUMPUSDT slot penuh 3/3
2026-09-11 11:32:47,508 - INFO - mode ALL COIN: 126 simbol (126 coin terdeteksi, emas selalu diikutkan)
2026-09-11 11:33:18,278 - INFO - mode ALL COIN: 126 simbol (126 coin terdeteksi, emas selalu diikutkan)
2026-09-11 11:33:49,823 - INFO - mode ALL COIN: 126 simbol (126 coin terdeteksi, emas selalu diikutkan)
2026-09-11 11:34:22,238 - INFO - mode ALL COIN: 126 simbol (126 coin terdeteksi, emas selalu diikutkan)
2026-09-11 11:34:55,568 - INFO - mode ALL COIN: 126 simbol (126 coin terdeteksi, emas selalu diikutkan)
2026-09-11 11:35:27,236 - INFO - mode ALL COIN: 126 simbol (126 coin terdeteksi, emas selalu diikutkan)
2026-09-11 11:35:59,581 - INFO - mode ALL COIN: 126 simbol (126 coin terdeteksi, emas selalu diikutkan)
2026-09-11 11:36:31,637 - INFO - mode ALL COIN: 126 simbol (126 coin terdeteksi, emas selalu diikutkan)
2026-09-11 11:37:03,044 - INFO - mode ALL COIN: 126 simbol (126 coin terdeteksi, emas selalu diikutkan)
2026-09-11 11:37:34,354 - INFO - mode ALL COIN: 126 simbol (126 coin terdeteksi, emas selalu diikutkan)
2026-09-11 11:38:05,421 - INFO - mode ALL COIN: 126 simbol (126 coin terdeteksi, emas selalu diikutkan)
2026-09-11 11:38:37,044 - INFO - mode ALL COIN: 126 simbol (126 coin terdeteksi, emas selalu diikutkan)
2026-09-11 11:39:08,660 - INFO - mode ALL COIN: 126 simbol (126 coin terdeteksi, emas selalu diikutkan)
2026-09-11 11:39:41,024 - INFO - mode ALL COIN: 126 simbol (126 coin terdeteksi, emas selalu diikutkan)
2026-09-11 11:40:14,543 - INFO - mode ALL COIN: 126 simbol (126 coin terdeteksi, emas selalu diikutkan)
2026-09-11 11:40:48,557 - INFO - mode ALL COIN: 126 simbol (126 coin terdeteksi, emas selalu diikutkan)
2026-09-11 11:41:22,757 - INFO - mode ALL COIN: 126 simbol (126 coin terdeteksi, emas selalu diikutkan)
2026-09-11 11:41:56,426 - INFO - mode ALL COIN: 126 simbol (126 coin terdeteksi, emas selalu diikutkan)
2026-09-11 11:42:28,849 - INFO - mode ALL COIN: 126 simbol (126 coin terdeteksi, emas selalu diikutkan)
2026-09-11 11:43:00,947 - INFO - mode ALL COIN: 126 simbol (126 coin terdeteksi, emas selalu diikutkan)
2026-09-11 11:43:31,247 - INFO - mode ALL COIN: 126 simbol (126 coin terdeteksi, emas selalu diikutkan)
2026-09-11 11:44:02,182 - INFO - mode ALL COIN: 126 simbol (126 coin terdeteksi, emas selalu diikutkan)
2026-09-11 11:44:33,029 - INFO - mode ALL COIN: 126 simbol (126 coin terdeteksi, emas selalu diikutkan)
2026-09-11 11:45:03,870 - INFO - mode ALL COIN: 126 simbol (126 coin terdeteksi, emas selalu diikutkan)
2026-09-11 11:45:34,914 - INFO - mode ALL COIN: 126 simbol (126 coin terdeteksi, emas selalu diikutkan)
2026-09-11 11:46:06,410 - INFO - mode ALL COIN: 126 simbol (126 coin terdeteksi, emas selalu diikutkan)
2026-09-11 11:46:17,198 - INFO - ◈ POLUSDT GE-R3 SHORT | 15M 3/4 · 1H +0 · 4H +0 | zona ▲S 4.1/10 @ 0.0937076-0.0934567 | RR 3.02
2026-09-11 11:46:17,198 - INFO - POLUSDT setup GE-R3 SHORT zone 4.1/10 rr 3.02
2026-09-11 11:46:17,198 - INFO - ⊘ POLUSDT slot penuh 3/3
2026-09-11 11:46:38,102 - INFO - mode ALL COIN: 126 simbol (126 coin terdeteksi, emas selalu diikutkan)
2026-09-11 11:47:10,332 - INFO - mode ALL COIN: 126 simbol (126 coin terdeteksi, emas selalu diikutkan)
2026-09-11 11:47:41,614 - INFO - mode ALL COIN: 126 simbol (126 coin terdeteksi, emas selalu diikutkan)
2026-09-11 11:48:13,034 - INFO - mode ALL COIN: 126 simbol (126 coin terdeteksi, emas selalu diikutkan)
2026-09-11 11:48:21,851 - INFO - ◈ BNBUSDT GE-R3 SHORT | 15M 4/4 · 1H +0 · 4H +0 | zona ▲S 4.4/10 @ 716.872-716.2 | RR 3.95
2026-09-11 11:48:21,851 - INFO - BNBUSDT setup GE-R3 SHORT zone 4.4/10 rr 3.95
2026-09-11 11:48:21,851 - INFO - ⊘ BNBUSDT slot penuh 3/3
2026-09-11 11:48:43,632 - INFO - mode ALL COIN: 126 simbol (126 coin terdeteksi, emas selalu diikutkan)
2026-09-11 11:48:47,319 - INFO - ◈ ONDOUSDT GE-R3 SHORT | 15M 3/4 · 1H +0 · 4H +0 | zona ▲S 4.6/10 @ 0.350549-0.349472 | RR 3.57
2026-09-11 11:48:47,319 - INFO - ONDOUSDT setup GE-R3 SHORT zone 4.6/10 rr 3.57
2026-09-11 11:48:47,319 - INFO - ⊘ ONDOUSDT slot penuh 3/3
2026-09-11 11:49:14,390 - INFO - mode ALL COIN: 126 simbol (126 coin terdeteksi, emas selalu diikutkan)
2026-09-11 11:49:44,979 - INFO - mode ALL COIN: 126 simbol (126 coin terdeteksi, emas selalu diikutkan)
2026-09-11 11:50:15,593 - INFO - mode ALL COIN: 126 simbol (126 coin terdeteksi, emas selalu diikutkan)
2026-09-11 11:50:47,481 - INFO - mode ALL COIN: 126 simbol (126 coin terdeteksi, emas selalu diikutkan)
2026-09-11 11:51:18,304 - INFO - mode ALL COIN: 127 simbol (127 coin terdeteksi, emas selalu diikutkan)
2026-09-11 11:51:49,935 - INFO - mode ALL COIN: 127 simbol (127 coin terdeteksi, emas selalu diikutkan)
2026-09-11 11:52:21,123 - INFO - mode ALL COIN: 127 simbol (127 coin terdeteksi, emas selalu diikutkan)
2026-09-11 11:52:51,760 - INFO - mode ALL COIN: 127 simbol (127 coin terdeteksi, emas selalu diikutkan)
2026-09-11 11:53:22,367 - INFO - mode ALL COIN: 127 simbol (127 coin terdeteksi, emas selalu diikutkan)
2026-09-11 11:53:53,086 - INFO - mode ALL COIN: 127 simbol (127 coin terdeteksi, emas selalu diikutkan)
2026-09-11 11:54:23,607 - INFO - mode ALL COIN: 127 simbol (127 coin terdeteksi, emas selalu diikutkan)
2026-09-11 11:54:55,869 - INFO - mode ALL COIN: 127 simbol (127 coin terdeteksi, emas selalu diikutkan)
2026-09-11 11:55:27,560 - INFO - mode ALL COIN: 127 simbol (127 coin terdeteksi, emas selalu diikutkan)
2026-09-11 11:56:00,178 - INFO - mode ALL COIN: 127 simbol (127 coin terdeteksi, emas selalu diikutkan)
2026-09-11 11:56:32,152 - INFO - mode ALL COIN: 126 simbol (126 coin terdeteksi, emas selalu diikutkan)
2026-09-11 11:57:03,474 - INFO - mode ALL COIN: 126 simbol (126 coin terdeteksi, emas selalu diikutkan)
2026-09-11 11:57:34,371 - INFO - mode ALL COIN: 126 simbol (126 coin terdeteksi, emas selalu diikutkan)
2026-09-11 11:58:05,440 - INFO - mode ALL COIN: 126 simbol (126 coin terdeteksi, emas selalu diikutkan)
2026-09-11 11:58:36,231 - INFO - mode ALL COIN: 126 simbol (126 coin terdeteksi, emas selalu diikutkan)
2026-09-11 11:59:07,353 - INFO - mode ALL COIN: 126 simbol (126 coin terdeteksi, emas selalu diikutkan)
2026-09-11 11:59:39,295 - INFO - mode ALL COIN: 126 simbol (126 coin terdeteksi, emas selalu diikutkan)
2026-09-11 11:59:41,445 - INFO - ◆ DOTUSDT TP2 1.13749 tercapai — sisa ditutup (RIDE selesai)
2026-09-11 12:00:12,980 - INFO - mode ALL COIN: 126 simbol (126 coin terdeteksi, emas selalu diikutkan)
2026-09-11 12:00:15,542 - ERROR - Too many visits. Exceeded the API Rate Limit. (ErrCode: 10006). Hit the API rate limit on https://api.bybit.com/v5/market/kline?category=linear&interval=240&limit=500&symbol=BTCUSDT. Sleeping then trying again.
2026-09-11 12:00:15,542 - ERROR - API rate limit will reset at 13:00:17.542. Sleeping for 2000 ms. Retrying...
2026-09-11 12:00:20,995 - ERROR - Too many visits. Exceeded the API Rate Limit. (ErrCode: 10006). Hit the API rate limit on https://api.bybit.com/v5/market/kline?category=linear&interval=15&limit=500&symbol=ARBUSDT. Sleeping then trying again.
2026-09-11 12:00:20,995 - ERROR - API rate limit will reset at 13:00:22.995. Sleeping for 2000 ms. Retrying...
2026-09-11 12:00:25,484 - ERROR - Too many visits. Exceeded the API Rate Limit. (ErrCode: 10006). Hit the API rate limit on https://api.bybit.com/v5/market/kline?category=linear&interval=240&limit=500&symbol=XAGUSDT. Sleeping then trying again.
2026-09-11 12:00:25,484 - ERROR - API rate limit will reset at 13:00:27.484. Sleeping for 2000 ms. Retrying...
2026-09-11 12:00:51,556 - INFO - mode ALL COIN: 126 simbol (126 coin terdeteksi, emas selalu diikutkan)
2026-09-11 12:00:53,755 - INFO - ■ DOTUSDT closed-ex ditutup — PnL +5.18$ (ROI +46.7%)
2026-09-11 12:00:53,755 - INFO - DOTUSDT closed-ex ditutup — PnL +5.18$ (ROI +46.7%)
2026-09-11 12:01:03,219 - INFO - ◈ XPLUSDT GE-R3 SHORT | 15M 3/4 · 1H +0 · 4H +0 | zona ▲S 3.5/10 @ 0.0869114-0.0864882 | RR 1.72
2026-09-11 12:01:03,219 - INFO - XPLUSDT setup GE-R3 SHORT zone 3.5/10 rr 1.72
2026-09-11 12:01:03,259 - INFO - XPLUSDT lev 25x (std ALT 25x · akun real · REAL=DEMO)
2026-09-11 12:01:04,512 - INFO - ▼ SHORT XPLUSDT [GE-R3] @ 0.0864675 25x | 15M 3/4 3.5/10 RR 1.72 TP 0.0842009 SL 0.0873616
2026-09-11 12:01:04,512 - INFO - XPLUSDT ENTRY Sell @ 0.0864675 25x TP 0.0842009 SL 0.0873616 zone 3.5/10 rr 1.72
2026-09-11 12:01:26,766 - INFO - mode ALL COIN: 126 simbol (126 coin terdeteksi, emas selalu diikutkan)
2026-09-11 12:01:28,786 - INFO - ⚠ XPLUSDT POSISI TANPA SL — dipasang ulang @ 0.0878202
2026-09-11 12:01:58,933 - INFO - mode ALL COIN: 126 simbol (126 coin terdeteksi, emas selalu diikutkan)
2026-09-11 12:02:30,318 - INFO - mode ALL COIN: 126 simbol (126 coin terdeteksi, emas selalu diikutkan)
2026-09-11 12:02:36,618 - INFO - ◈ POLUSDT GE-R3 SHORT | 15M 3/4 · 1H +0 · 4H +0 | zona ▲S 4.2/10 @ 0.0937075-0.0934567 | RR 3.69
2026-09-11 12:02:36,618 - INFO - POLUSDT setup GE-R3 SHORT zone 4.2/10 rr 3.69
2026-09-11 12:02:36,618 - INFO - ⊘ POLUSDT slot penuh 3/3
2026-09-11 12:03:01,587 - INFO - mode ALL COIN: 125 simbol (125 coin terdeteksi, emas selalu diikutkan)
2026-09-11 12:03:31,889 - INFO - mode ALL COIN: 125 simbol (125 coin terdeteksi, emas selalu diikutkan)
2026-09-11 12:03:40,210 - INFO - ◈ DOGEUSDT GE-R3 SHORT | 15M 3/4 · 1H +0 · 4H +0 | zona ▲S 4.5/10 @ 0.084362-0.0841539 | RR 2.18
2026-09-11 12:03:40,210 - INFO - DOGEUSDT setup GE-R3 SHORT zone 4.5/10 rr 2.18
2026-09-11 12:03:40,210 - INFO - ⊘ DOGEUSDT slot penuh 3/3
2026-09-11 12:04:02,014 - INFO - mode ALL COIN: 125 simbol (125 coin terdeteksi, emas selalu diikutkan)
2026-09-11 12:04:32,991 - INFO - mode ALL COIN: 125 simbol (125 coin terdeteksi, emas selalu diikutkan)
2026-09-11 12:05:05,098 - INFO - mode ALL COIN: 125 simbol (125 coin terdeteksi, emas selalu diikutkan)
2026-09-11 12:05:38,046 - INFO - mode ALL COIN: 125 simbol (125 coin terdeteksi, emas selalu diikutkan)
2026-09-11 12:06:10,944 - INFO - mode ALL COIN: 125 simbol (125 coin terdeteksi, emas selalu diikutkan)
2026-09-11 12:06:42,106 - INFO - mode ALL COIN: 125 simbol (125 coin terdeteksi, emas selalu diikutkan)
2026-09-11 12:07:13,363 - INFO - mode ALL COIN: 125 simbol (125 coin terdeteksi, emas selalu diikutkan)
2026-09-11 12:07:43,507 - INFO - mode ALL COIN: 125 simbol (125 coin terdeteksi, emas selalu diikutkan)
2026-09-11 12:08:14,975 - INFO - mode ALL COIN: 125 simbol (125 coin terdeteksi, emas selalu diikutkan)
2026-09-11 12:08:46,831 - INFO - mode ALL COIN: 125 simbol (125 coin terdeteksi, emas selalu diikutkan)
2026-09-11 12:09:19,538 - INFO - mode ALL COIN: 125 simbol (125 coin terdeteksi, emas selalu diikutkan)
2026-09-11 12:09:53,056 - INFO - mode ALL COIN: 125 simbol (125 coin terdeteksi, emas selalu diikutkan)
2026-09-11 12:10:26,169 - INFO - mode ALL COIN: 125 simbol (125 coin terdeteksi, emas selalu diikutkan)
2026-09-11 12:10:59,394 - INFO - mode ALL COIN: 125 simbol (125 coin terdeteksi, emas selalu diikutkan)
2026-09-11 12:11:31,202 - INFO - mode ALL COIN: 125 simbol (125 coin terdeteksi, emas selalu diikutkan)
2026-09-11 12:12:02,654 - INFO - mode ALL COIN: 125 simbol (125 coin terdeteksi, emas selalu diikutkan)
2026-09-11 12:12:34,872 - INFO - mode ALL COIN: 125 simbol (125 coin terdeteksi, emas selalu diikutkan)
2026-09-11 12:13:06,856 - INFO - mode ALL COIN: 125 simbol (125 coin terdeteksi, emas selalu diikutkan)
2026-09-11 12:13:38,844 - INFO - mode ALL COIN: 125 simbol (125 coin terdeteksi, emas selalu diikutkan)
2026-09-11 12:14:11,244 - INFO - mode ALL COIN: 125 simbol (125 coin terdeteksi, emas selalu diikutkan)
2026-09-11 12:14:43,793 - INFO - mode ALL COIN: 124 simbol (124 coin terdeteksi, emas selalu diikutkan)
2026-09-11 12:15:16,730 - INFO - mode ALL COIN: 124 simbol (124 coin terdeteksi, emas selalu diikutkan)
2026-09-11 12:15:23,266 - INFO - ◈ PAXGUSDT GE-R3 SHORT | 15M 3/4 · 1H +0 · 4H -1 | zona ▲S 3.4/10 @ 4345.87-4343.7 | RR 6.61
2026-09-11 12:15:23,266 - INFO - PAXGUSDT setup GE-R3 SHORT zone 3.4/10 rr 6.61
2026-09-11 12:15:23,266 - INFO - ⊘ PAXGUSDT slot penuh 3/3
2026-09-11 12:15:49,217 - INFO - mode ALL COIN: 124 simbol (124 coin terdeteksi, emas selalu diikutkan)
2026-09-11 12:15:51,888 - INFO - ◈ XAUUSDT GE-R3 SHORT | 15M 3/4 · 1H -1 · 4H -1 | zona ▲S 3.4/10 @ 4349.38-4346.01 | RR 3.83
2026-09-11 12:15:51,888 - INFO - XAUUSDT setup GE-R3 SHORT zone 3.4/10 rr 3.83
2026-09-11 12:15:51,888 - INFO - ⊘ XAUUSDT slot penuh 3/3
2026-09-11 12:15:57,228 - INFO - ◈ DOGEUSDT GE-R3 SHORT | 15M 3/4 · 1H +0 · 4H +0 | zona ▲S 4.5/10 @ 0.0843621-0.0841539 | RR 2.49
2026-09-11 12:15:57,228 - INFO - DOGEUSDT setup GE-R3 SHORT zone 4.5/10 rr 2.49
2026-09-11 12:15:57,228 - INFO - ⊘ DOGEUSDT slot penuh 3/3
2026-09-11 12:16:21,714 - INFO - mode ALL COIN: 124 simbol (124 coin terdeteksi, emas selalu diikutkan)
2026-09-11 12:16:32,574 - INFO - ◈ XAGUSDT GE-R3 SHORT | 15M 3/4 · 1H +0 · 4H +0 | zona ▲S 4.3/10 @ 63.9951-63.9059 | RR 3.33
2026-09-11 12:16:32,574 - INFO - XAGUSDT setup GE-R3 SHORT zone 4.3/10 rr 3.33
2026-09-11 12:16:32,574 - INFO - ⊘ XAGUSDT slot penuh 3/3
2026-09-11 12:16:52,869 - INFO - mode ALL COIN: 124 simbol (124 coin terdeteksi, emas selalu diikutkan)
2026-09-11 12:17:03,297 - INFO - ◈ APTUSDT GE-R3 LONG | 15M 3/4 · 1H +0 · 4H +0 | zona ▼D 8.9/10 @ 0.64634-0.642864 | RR 1.38
2026-09-11 12:17:03,297 - INFO - APTUSDT setup GE-R3 LONG zone 8.9/10 rr 1.38
2026-09-11 12:17:03,297 - INFO - ⊘ APTUSDT slot penuh 3/3
2026-09-11 12:17:23,565 - INFO - mode ALL COIN: 124 simbol (124 coin terdeteksi, emas selalu diikutkan)
2026-09-11 12:17:53,840 - INFO - mode ALL COIN: 124 simbol (124 coin terdeteksi, emas selalu diikutkan)
2026-09-11 12:18:25,065 - INFO - mode ALL COIN: 124 simbol (124 coin terdeteksi, emas selalu diikutkan)
2026-09-11 12:18:56,007 - INFO - mode ALL COIN: 124 simbol (124 coin terdeteksi, emas selalu diikutkan)
2026-09-11 12:19:00,391 - INFO - ◈ POLUSDT GE-R3 SHORT | 15M 3/4 · 1H +0 · 4H +0 | zona ▲S 4.9/10 @ 0.0937074-0.09347 | RR 4.52
2026-09-11 12:19:00,391 - INFO - POLUSDT setup GE-R3 SHORT zone 4.9/10 rr 4.52
2026-09-11 12:19:00,391 - INFO - ⊘ POLUSDT slot penuh 3/3
2026-09-11 12:19:27,437 - INFO - mode ALL COIN: 124 simbol (124 coin terdeteksi, emas selalu diikutkan)
2026-09-11 12:19:58,016 - INFO - mode ALL COIN: 124 simbol (124 coin terdeteksi, emas selalu diikutkan)
2026-09-11 12:20:28,496 - INFO - mode ALL COIN: 124 simbol (124 coin terdeteksi, emas selalu diikutkan)
2026-09-11 12:20:58,600 - INFO - mode ALL COIN: 124 simbol (124 coin terdeteksi, emas selalu diikutkan)
2026-09-11 12:21:28,775 - INFO - mode ALL COIN: 124 simbol (124 coin terdeteksi, emas selalu diikutkan)
2026-09-11 12:21:59,041 - INFO - mode ALL COIN: 124 simbol (124 coin terdeteksi, emas selalu diikutkan)
2026-09-11 12:22:29,214 - INFO - mode ALL COIN: 124 simbol (124 coin terdeteksi, emas selalu diikutkan)
2026-09-11 12:22:59,295 - INFO - mode ALL COIN: 124 simbol (124 coin terdeteksi, emas selalu diikutkan)
2026-09-11 12:23:30,576 - INFO - mode ALL COIN: 124 simbol (124 coin terdeteksi, emas selalu diikutkan)
2026-09-11 12:24:02,193 - INFO - mode ALL COIN: 124 simbol (124 coin terdeteksi, emas selalu diikutkan)
2026-09-11 12:24:34,875 - INFO - mode ALL COIN: 124 simbol (124 coin terdeteksi, emas selalu diikutkan)
2026-09-11 12:25:08,306 - INFO - mode ALL COIN: 124 simbol (124 coin terdeteksi, emas selalu diikutkan)
2026-09-11 12:25:41,895 - INFO - mode ALL COIN: 124 simbol (124 coin terdeteksi, emas selalu diikutkan)
2026-09-11 12:26:14,775 - INFO - mode ALL COIN: 124 simbol (124 coin terdeteksi, emas selalu diikutkan)
2026-09-11 12:26:47,740 - INFO - mode ALL COIN: 124 simbol (124 coin terdeteksi, emas selalu diikutkan)
2026-09-11 12:27:19,034 - INFO - mode ALL COIN: 124 simbol (124 coin terdeteksi, emas selalu diikutkan)
2026-09-11 12:27:50,577 - INFO - mode ALL COIN: 124 simbol (124 coin terdeteksi, emas selalu diikutkan)
2026-09-11 12:28:20,807 - INFO - mode ALL COIN: 124 simbol (124 coin terdeteksi, emas selalu diikutkan)
2026-09-11 12:28:51,129 - INFO - mode ALL COIN: 124 simbol (124 coin terdeteksi, emas selalu diikutkan)
2026-09-11 12:29:21,412 - INFO - mode ALL COIN: 125 simbol (125 coin terdeteksi, emas selalu diikutkan)
2026-09-11 12:29:51,981 - INFO - mode ALL COIN: 125 simbol (125 coin terdeteksi, emas selalu diikutkan)
2026-09-11 12:30:22,698 - INFO - mode ALL COIN: 125 simbol (125 coin terdeteksi, emas selalu diikutkan)
2026-09-11 12:30:53,477 - INFO - mode ALL COIN: 125 simbol (125 coin terdeteksi, emas selalu diikutkan)
2026-09-11 12:31:24,034 - INFO - mode ALL COIN: 125 simbol (125 coin terdeteksi, emas selalu diikutkan)
2026-09-11 12:31:55,133 - INFO - mode ALL COIN: 125 simbol (125 coin terdeteksi, emas selalu diikutkan)
2026-09-11 12:32:26,724 - INFO - mode ALL COIN: 125 simbol (125 coin terdeteksi, emas selalu diikutkan)
2026-09-11 12:32:58,655 - INFO - mode ALL COIN: 125 simbol (125 coin terdeteksi, emas selalu diikutkan)
2026-09-11 12:33:30,534 - INFO - mode ALL COIN: 125 simbol (125 coin terdeteksi, emas selalu diikutkan)
2026-09-11 12:33:37,577 - INFO - ◈ APTUSDT GE-R3 LONG | 15M 3/4 · 1H +0 · 4H +0 | zona ▼D 8.0/10 @ 0.6405-0.635327 | RR 1.61
2026-09-11 12:33:37,577 - INFO - APTUSDT setup GE-R3 LONG zone 8.0/10 rr 1.61
2026-09-11 12:33:37,577 - INFO - ⊘ APTUSDT slot penuh 3/3
2026-09-11 12:34:02,595 - INFO - mode ALL COIN: 125 simbol (125 coin terdeteksi, emas selalu diikutkan)
2026-09-11 12:34:34,706 - INFO - mode ALL COIN: 125 simbol (125 coin terdeteksi, emas selalu diikutkan)
2026-09-11 12:35:06,191 - INFO - mode ALL COIN: 125 simbol (125 coin terdeteksi, emas selalu diikutkan)
2026-09-11 12:35:38,246 - INFO - mode ALL COIN: 125 simbol (125 coin terdeteksi, emas selalu diikutkan)
2026-09-11 12:36:09,372 - INFO - mode ALL COIN: 125 simbol (125 coin terdeteksi, emas selalu diikutkan)
2026-09-11 12:36:40,787 - INFO - mode ALL COIN: 125 simbol (125 coin terdeteksi, emas selalu diikutkan)
2026-09-11 12:37:11,998 - INFO - mode ALL COIN: 125 simbol (125 coin terdeteksi, emas selalu diikutkan)
2026-09-11 12:37:42,871 - INFO - mode ALL COIN: 125 simbol (125 coin terdeteksi, emas selalu diikutkan)
2026-09-11 12:38:13,484 - INFO - mode ALL COIN: 125 simbol (125 coin terdeteksi, emas selalu diikutkan)
2026-09-11 12:38:44,216 - INFO - mode ALL COIN: 125 simbol (125 coin terdeteksi, emas selalu diikutkan)
2026-09-11 12:39:14,373 - INFO - mode ALL COIN: 125 simbol (125 coin terdeteksi, emas selalu diikutkan)
2026-09-11 12:39:44,600 - INFO - mode ALL COIN: 125 simbol (125 coin terdeteksi, emas selalu diikutkan)
2026-09-11 12:40:15,774 - INFO - mode ALL COIN: 125 simbol (125 coin terdeteksi, emas selalu diikutkan)
2026-09-11 12:40:47,497 - INFO - mode ALL COIN: 125 simbol (125 coin terdeteksi, emas selalu diikutkan)
2026-09-11 12:41:19,707 - INFO - mode ALL COIN: 125 simbol (125 coin terdeteksi, emas selalu diikutkan)
2026-09-11 12:41:52,237 - INFO - mode ALL COIN: 125 simbol (125 coin terdeteksi, emas selalu diikutkan)
2026-09-11 12:42:25,583 - INFO - mode ALL COIN: 125 simbol (125 coin terdeteksi, emas selalu diikutkan)
2026-09-11 12:42:58,483 - INFO - mode ALL COIN: 125 simbol (125 coin terdeteksi, emas selalu diikutkan)
2026-09-11 12:43:32,063 - INFO - mode ALL COIN: 125 simbol (125 coin terdeteksi, emas selalu diikutkan)
2026-09-11 12:44:05,311 - INFO - mode ALL COIN: 124 simbol (124 coin terdeteksi, emas selalu diikutkan)
2026-09-11 12:44:38,393 - INFO - mode ALL COIN: 124 simbol (124 coin terdeteksi, emas selalu diikutkan)
2026-09-11 12:45:11,400 - INFO - mode ALL COIN: 124 simbol (124 coin terdeteksi, emas selalu diikutkan)
2026-09-11 12:45:13,679 - INFO - ◈ BTCUSDT GE-R3 SHORT | 15M 4/4 · 1H +0 · 4H +0 | zona ▲S 3.5/10 @ 77255.5-77171.1 | RR 3.05
2026-09-11 12:45:13,679 - INFO - BTCUSDT setup GE-R3 SHORT zone 3.5/10 rr 3.05
2026-09-11 12:45:13,679 - INFO - ⊘ BTCUSDT slot penuh 3/3
2026-09-11 12:45:18,888 - INFO - ◈ XAUTUSDT GE-R3 SHORT | 15M 4/4 · 1H +0 · 4H +0 | zona ▲S 4.4/10 @ 4342.54-4340.6 | RR 7.16
2026-09-11 12:45:18,888 - INFO - XAUTUSDT setup GE-R3 SHORT zone 4.4/10 rr 7.16
2026-09-11 12:45:18,888 - INFO - ⊘ XAUTUSDT slot penuh 3/3
2026-09-11 12:45:43,633 - INFO - mode ALL COIN: 124 simbol (124 coin terdeteksi, emas selalu diikutkan)
2026-09-11 12:46:14,953 - INFO - mode ALL COIN: 124 simbol (124 coin terdeteksi, emas selalu diikutkan)
2026-09-11 12:46:17,639 - INFO - ◈ NVDAUSDT GE-R3 SHORT | 15M 3/4 · 1H +0 · 4H +0 | zona ▲S 4.7/10 @ 219.249-219.1 | RR 3.34
2026-09-11 12:46:17,639 - INFO - NVDAUSDT setup GE-R3 SHORT zone 4.7/10 rr 3.34
2026-09-11 12:46:17,639 - INFO - ⊘ NVDAUSDT slot penuh 3/3
2026-09-11 12:46:45,960 - INFO - mode ALL COIN: 124 simbol (124 coin terdeteksi, emas selalu diikutkan)
2026-09-11 12:47:16,253 - INFO - mode ALL COIN: 124 simbol (124 coin terdeteksi, emas selalu diikutkan)
2026-09-11 12:47:22,754 - INFO - ◈ POLUSDT GE-R3 SHORT | 15M 4/4 · 1H +0 · 4H +0 | zona ▲S 4.9/10 @ 0.0937066-0.0934567 | RR 3.79
2026-09-11 12:47:22,755 - INFO - POLUSDT setup GE-R3 SHORT zone 4.9/10 rr 3.79
2026-09-11 12:47:22,755 - INFO - ⊘ POLUSDT slot penuh 3/3
2026-09-11 12:47:47,050 - INFO - mode ALL COIN: 124 simbol (124 coin terdeteksi, emas selalu diikutkan)
2026-09-11 12:48:17,686 - INFO - mode ALL COIN: 124 simbol (124 coin terdeteksi, emas selalu diikutkan)
2026-09-11 12:48:24,563 - INFO - ◈ SOLUSDT GE-R3 SHORT | 15M 4/4 · 1H +0 · 4H +0 | zona ▲S 3.8/10 @ 100.119-99.923 | RR 2.52
2026-09-11 12:48:24,563 - INFO - SOLUSDT setup GE-R3 SHORT zone 3.8/10 rr 2.52
2026-09-11 12:48:24,563 - INFO - ⊘ SOLUSDT slot penuh 3/3
2026-09-11 12:48:28,576 - INFO - ◈ DOGEUSDT GE-R3 SHORT | 15M 4/4 · 1H +0 · 4H +0 | zona ▲S 5.7/10 @ 0.0843622-0.084143 | RR 2.25
2026-09-11 12:48:28,576 - INFO - DOGEUSDT setup GE-R3 SHORT zone 5.7/10 rr 2.25
2026-09-11 12:48:28,576 - INFO - ⊘ DOGEUSDT slot penuh 3/3
2026-09-11 12:48:49,476 - INFO - mode ALL COIN: 124 simbol (124 coin terdeteksi, emas selalu diikutkan)
2026-09-11 12:48:54,752 - INFO - ◈ PUMPFUNUSDT GE-R3 SHORT | 15M 3/4 · 1H +0 · 4H +0 | zona ▲S 3.4/10 @ 0.00379282-0.00376768 | RR 2.57
2026-09-11 12:48:54,752 - INFO - PUMPFUNUSDT setup GE-R3 SHORT zone 3.4/10 rr 2.57
2026-09-11 12:48:54,752 - INFO - ⊘ PUMPFUNUSDT slot penuh 3/3
2026-09-11 12:49:21,200 - INFO - mode ALL COIN: 124 simbol (124 coin terdeteksi, emas selalu diikutkan)
2026-09-11 12:49:52,153 - INFO - mode ALL COIN: 124 simbol (124 coin terdeteksi, emas selalu diikutkan)
2026-09-11 12:50:22,215 - INFO - mode ALL COIN: 124 simbol (124 coin terdeteksi, emas selalu diikutkan)
2026-09-11 12:50:52,696 - INFO - mode ALL COIN: 124 simbol (124 coin terdeteksi, emas selalu diikutkan)
2026-09-11 12:51:23,068 - INFO - mode ALL COIN: 124 simbol (124 coin terdeteksi, emas selalu diikutkan)
2026-09-11 12:51:53,799 - INFO - mode ALL COIN: 124 simbol (124 coin terdeteksi, emas selalu diikutkan)
2026-09-11 12:52:24,296 - INFO - mode ALL COIN: 124 simbol (124 coin terdeteksi, emas selalu diikutkan)
2026-09-11 12:52:55,476 - INFO - mode ALL COIN: 124 simbol (124 coin terdeteksi, emas selalu diikutkan)
2026-09-11 12:53:26,806 - INFO - mode ALL COIN: 124 simbol (124 coin terdeteksi, emas selalu diikutkan)
2026-09-11 12:53:58,178 - INFO - mode ALL COIN: 124 simbol (124 coin terdeteksi, emas selalu diikutkan)
2026-09-11 12:54:29,657 - INFO - mode ALL COIN: 124 simbol (124 coin terdeteksi, emas selalu diikutkan)
2026-09-11 12:55:00,999 - INFO - mode ALL COIN: 124 simbol (124 coin terdeteksi, emas selalu diikutkan)
2026-09-11 12:55:31,727 - INFO - mode ALL COIN: 124 simbol (124 coin terdeteksi, emas selalu diikutkan)
2026-09-11 12:56:02,840 - INFO - mode ALL COIN: 124 simbol (124 coin terdeteksi, emas selalu diikutkan)
2026-09-11 12:56:33,495 - INFO - mode ALL COIN: 124 simbol (124 coin terdeteksi, emas selalu diikutkan)
2026-09-11 12:57:04,404 - INFO - mode ALL COIN: 124 simbol (124 coin terdeteksi, emas selalu diikutkan)
2026-09-11 12:57:35,177 - INFO - mode ALL COIN: 124 simbol (124 coin terdeteksi, emas selalu diikutkan)
2026-09-11 12:58:05,503 - INFO - mode ALL COIN: 124 simbol (124 coin terdeteksi, emas selalu diikutkan)
2026-09-11 12:58:35,948 - INFO - mode ALL COIN: 124 simbol (124 coin terdeteksi, emas selalu diikutkan)
2026-09-11 12:59:06,014 - INFO - mode ALL COIN: 124 simbol (124 coin terdeteksi, emas selalu diikutkan)
2026-09-11 12:59:35,797 - INFO - mode ALL COIN: 124 simbol (124 coin terdeteksi, emas selalu diikutkan)
2026-09-11 13:00:06,227 - INFO - mode ALL COIN: 124 simbol (124 coin terdeteksi, emas selalu diikutkan)
2026-09-11 13:00:07,682 - ERROR - Too many visits. Exceeded the API Rate Limit. (ErrCode: 10006). Hit the API rate limit on https://api.bybit.com/v5/market/kline?category=linear&interval=60&limit=500&symbol=XPLUSDT. Sleeping then trying again.
2026-09-11 13:00:07,682 - ERROR - API rate limit will reset at 14:00:09.682. Sleeping for 2000 ms. Retrying...
2026-09-11 13:00:10,249 - ERROR - Too many visits. Exceeded the API Rate Limit. (ErrCode: 10006). Hit the API rate limit on https://api.bybit.com/v5/market/kline?category=linear&interval=240&limit=500&symbol=BTCUSDT. Sleeping then trying again.
2026-09-11 13:00:10,249 - ERROR - API rate limit will reset at 14:00:12.249. Sleeping for 2000 ms. Retrying...
2026-09-11 13:00:12,523 - INFO - ◈ BTCUSDT GE-R3 SHORT | 15M 4/4 · 1H +0 · 4H +0 | zona ▲S 4.3/10 @ 77255.5-77231 | RR 4.52
2026-09-11 13:00:12,523 - INFO - BTCUSDT setup GE-R3 SHORT zone 4.3/10 rr 4.52
2026-09-11 13:00:12,523 - INFO - ⊘ BTCUSDT slot penuh 3/3
2026-09-11 13:00:16,432 - ERROR - Too many visits. Exceeded the API Rate Limit. (ErrCode: 10006). Hit the API rate limit on https://api.bybit.com/v5/market/kline?category=linear&interval=15&limit=500&symbol=TIAUSDT. Sleeping then trying again.
2026-09-11 13:00:16,432 - ERROR - API rate limit will reset at 14:00:18.432. Sleeping for 2000 ms. Retrying...
2026-09-11 13:00:18,440 - ERROR - Too many visits. Exceeded the API Rate Limit. (ErrCode: 10006). Hit the API rate limit on https://api.bybit.com/v5/market/kline?category=linear&interval=15&limit=500&symbol=TIAUSDT. Sleeping then trying again.
2026-09-11 13:00:18,440 - ERROR - API rate limit will reset at 14:00:20.440. Sleeping for 2000 ms. Retrying...
2026-09-11 13:00:20,968 - ERROR - Too many visits. Exceeded the API Rate Limit. (ErrCode: 10006). Hit the API rate limit on https://api.bybit.com/v5/market/kline?category=linear&interval=60&limit=500&symbol=METUSDT. Sleeping then trying again.
2026-09-11 13:00:20,969 - ERROR - API rate limit will reset at 14:00:22.968. Sleeping for 1999 ms. Retrying...
2026-09-11 13:00:46,201 - INFO - mode ALL COIN: 124 simbol (124 coin terdeteksi, emas selalu diikutkan)
2026-09-11 13:00:52,592 - INFO - ◈ SOLUSDT GE-R3 SHORT | 15M 3/4 · 1H +0 · 4H +0 | zona ▲S 3.9/10 @ 100.119-99.923 | RR 2.81
2026-09-11 13:00:52,592 - INFO - SOLUSDT setup GE-R3 SHORT zone 3.9/10 rr 2.81
2026-09-11 13:00:52,592 - INFO - ⊘ SOLUSDT slot penuh 3/3
2026-09-11 13:00:56,328 - INFO - ◈ DOGEUSDT GE-R3 SHORT | 15M 3/4 · 1H +0 · 4H +0 | zona ▲S 5.7/10 @ 0.0843623-0.084143 | RR 2.50
2026-09-11 13:00:56,329 - INFO - DOGEUSDT setup GE-R3 SHORT zone 5.7/10 rr 2.50
2026-09-11 13:00:56,329 - INFO - ⊘ DOGEUSDT slot penuh 3/3
2026-09-11 13:01:16,621 - INFO - mode ALL COIN: 124 simbol (124 coin terdeteksi, emas selalu diikutkan)
2026-09-11 13:01:21,289 - INFO - ◈ PUMPFUNUSDT GE-R3 SHORT | 15M 4/4 · 1H +0 · 4H +0 | zona ▲S 4.2/10 @ 0.00379284-0.003781 | RR 4.27
2026-09-11 13:01:21,289 - INFO - PUMPFUNUSDT setup GE-R3 SHORT zone 4.2/10 rr 4.27
2026-09-11 13:01:21,290 - INFO - ⊘ PUMPFUNUSDT slot penuh 3/3
2026-09-11 13:01:46,741 - INFO - mode ALL COIN: 124 simbol (124 coin terdeteksi, emas selalu diikutkan)
2026-09-11 13:02:16,919 - INFO - mode ALL COIN: 124 simbol (124 coin terdeteksi, emas selalu diikutkan)
2026-09-11 13:02:20,692 - INFO - ◈ AAVEUSDT GE-R3 SHORT | 15M 4/4 · 1H +0 · 4H +0 | zona ▲S 6.8/10 @ 123.858-123.42 | RR 3.36
2026-09-11 13:02:20,692 - INFO - AAVEUSDT setup GE-R3 SHORT zone 6.8/10 rr 3.36
2026-09-11 13:02:20,693 - INFO - ⊘ AAVEUSDT slot penuh 3/3
2026-09-11 13:02:22,289 - INFO - ◈ APTUSDT GE-R3 LONG | 15M 3/4 · 1H +0 · 4H +0 | zona ▼D 7.9/10 @ 0.64053-0.635325 | RR 1.29
2026-09-11 13:02:22,289 - INFO - APTUSDT setup GE-R3 LONG zone 7.9/10 rr 1.29
2026-09-11 13:02:22,289 - INFO - ⊘ APTUSDT slot penuh 3/3
2026-09-11 13:02:47,151 - INFO - mode ALL COIN: 124 simbol (124 coin terdeteksi, emas selalu diikutkan)
2026-09-11 13:03:18,677 - INFO - mode ALL COIN: 124 simbol (124 coin terdeteksi, emas selalu diikutkan)
2026-09-11 13:03:50,243 - INFO - mode ALL COIN: 124 simbol (124 coin terdeteksi, emas selalu diikutkan)
2026-09-11 13:03:50,971 - INFO - ◆ NEARUSDT TP1 2.48489 tercapai — 58.3 ditutup (+4.07$ terkunci) → RIDE aktif
2026-09-11 13:03:50,985 - ERROR - ride NEARUSDT: not modified (ErrCode: 34040) (ErrTime: 06:03:50).
Request → POST https://api.bybit.com/v5/position/trading-stop: {"category": "linear", "symbol": "NEARUSDT", "stopLoss": "2.4191055", "positionIdx": 0}.
2026-09-11 13:04:22,703 - INFO - mode ALL COIN: 124 simbol (124 coin terdeteksi, emas selalu diikutkan)
2026-09-11 13:04:54,690 - INFO - mode ALL COIN: 124 simbol (124 coin terdeteksi, emas selalu diikutkan)
2026-09-11 13:05:26,389 - INFO - mode ALL COIN: 124 simbol (124 coin terdeteksi, emas selalu diikutkan)
2026-09-11 13:05:57,990 - INFO - mode ALL COIN: 124 simbol (124 coin terdeteksi, emas selalu diikutkan)
2026-09-11 13:06:29,513 - INFO - mode ALL COIN: 124 simbol (124 coin terdeteksi, emas selalu diikutkan)
2026-09-11 13:07:00,803 - INFO - mode ALL COIN: 124 simbol (124 coin terdeteksi, emas selalu diikutkan)
2026-09-11 13:07:32,293 - INFO - mode ALL COIN: 124 simbol (124 coin terdeteksi, emas selalu diikutkan)
2026-09-11 13:08:03,378 - INFO - mode ALL COIN: 124 simbol (124 coin terdeteksi, emas selalu diikutkan)
2026-09-11 13:08:34,948 - INFO - mode ALL COIN: 124 simbol (124 coin terdeteksi, emas selalu diikutkan)
2026-09-11 13:09:05,639 - INFO - mode ALL COIN: 124 simbol (124 coin terdeteksi, emas selalu diikutkan)
2026-09-11 13:09:36,968 - INFO - mode ALL COIN: 124 simbol (124 coin terdeteksi, emas selalu diikutkan)
2026-09-11 13:10:08,101 - INFO - mode ALL COIN: 124 simbol (124 coin terdeteksi, emas selalu diikutkan)
2026-09-11 13:10:39,132 - INFO - mode ALL COIN: 124 simbol (124 coin terdeteksi, emas selalu diikutkan)
2026-09-11 13:11:10,043 - INFO - mode ALL COIN: 124 simbol (124 coin terdeteksi, emas selalu diikutkan)
2026-09-11 13:11:40,841 - INFO - mode ALL COIN: 123 simbol (123 coin terdeteksi, emas selalu diikutkan)
2026-09-11 13:12:11,319 - INFO - mode ALL COIN: 123 simbol (123 coin terdeteksi, emas selalu diikutkan)
2026-09-11 13:12:42,663 - INFO - mode ALL COIN: 123 simbol (123 coin terdeteksi, emas selalu diikutkan)
2026-09-11 13:13:13,471 - INFO - mode ALL COIN: 123 simbol (123 coin terdeteksi, emas selalu diikutkan)
2026-09-11 13:13:45,060 - INFO - mode ALL COIN: 123 simbol (123 coin terdeteksi, emas selalu diikutkan)
2026-09-11 13:14:16,585 - INFO - mode ALL COIN: 123 simbol (123 coin terdeteksi, emas selalu diikutkan)
2026-09-11 13:14:48,889 - INFO - mode ALL COIN: 123 simbol (123 coin terdeteksi, emas selalu diikutkan)
2026-09-11 13:15:20,980 - INFO - mode ALL COIN: 123 simbol (123 coin terdeteksi, emas selalu diikutkan)
2026-09-11 13:15:52,624 - INFO - mode ALL COIN: 123 simbol (123 coin terdeteksi, emas selalu diikutkan)
2026-09-11 13:16:22,899 - INFO - mode ALL COIN: 123 simbol (123 coin terdeteksi, emas selalu diikutkan)
2026-09-11 13:16:29,650 - INFO - ◈ GOOGLUSDT GE-R3 SHORT | 15M 3/4 · 1H +0 · 4H +0 | zona ▲S 7.1/10 @ 333.081-332.705 | RR 1.26
2026-09-11 13:16:29,650 - INFO - GOOGLUSDT setup GE-R3 SHORT zone 7.1/10 rr 1.26
2026-09-11 13:16:29,650 - INFO - ⊘ GOOGLUSDT slot penuh 3/3
2026-09-11 13:16:53,305 - INFO - mode ALL COIN: 123 simbol (123 coin terdeteksi, emas selalu diikutkan)
2026-09-11 13:17:00,135 - INFO - ◈ TIAUSDT GE-R3 SHORT | 15M 4/4 · 1H +0 · 4H +0 | zona ▲S 3.7/10 @ 0.375787-0.374299 | RR 1.80
2026-09-11 13:17:00,135 - INFO - TIAUSDT setup GE-R3 SHORT zone 3.7/10 rr 1.80
2026-09-11 13:17:00,135 - INFO - ⊘ TIAUSDT slot penuh 3/3
2026-09-11 13:17:22,923 - INFO - mode ALL COIN: 123 simbol (123 coin terdeteksi, emas selalu diikutkan)
2026-09-11 13:17:26,597 - INFO - ◈ ZROUSDT GE-R3 SHORT | 15M 4/4 · 1H +0 · 4H +0 | zona ▲S 6.0/10 @ 1.05132-1.0444 | RR 1.99
2026-09-11 13:17:26,597 - INFO - ZROUSDT setup GE-R3 SHORT zone 6.0/10 rr 1.99
2026-09-11 13:17:26,597 - INFO - ⊘ ZROUSDT slot penuh 3/3
2026-09-11 13:17:28,193 - INFO - ◈ SOLUSDT GE-R3 SHORT | 15M 3/4 · 1H +0 · 4H +0 | zona ▲S 4.7/10 @ 100.119-99.96 | RR 3.36
2026-09-11 13:17:28,193 - INFO - SOLUSDT setup GE-R3 SHORT zone 4.7/10 rr 3.36
2026-09-11 13:17:28,193 - INFO - ⊘ SOLUSDT slot penuh 3/3
2026-09-11 13:17:31,753 - INFO - ◈ DOGEUSDT GE-R3 SHORT | 15M 3/4 · 1H +0 · 4H +0 | zona ▲S 6.4/10 @ 0.0843623-0.08415 | RR 2.80
2026-09-11 13:17:31,753 - INFO - DOGEUSDT setup GE-R3 SHORT zone 6.4/10 rr 2.80
2026-09-11 13:17:31,753 - INFO - ⊘ DOGEUSDT slot penuh 3/3
2026-09-11 13:17:53,021 - INFO - mode ALL COIN: 123 simbol (123 coin terdeteksi, emas selalu diikutkan)
2026-09-11 13:17:56,667 - INFO - ◈ PUMPFUNUSDT GE-R3 SHORT | 15M 4/4 · 1H +0 · 4H +0 | zona ▲S 4.2/10 @ 0.00379285-0.003789 | RR 4.05
2026-09-11 13:17:56,667 - INFO - PUMPFUNUSDT setup GE-R3 SHORT zone 4.2/10 rr 4.05
2026-09-11 13:17:56,667 - INFO - ⊘ PUMPFUNUSDT slot penuh 3/3
2026-09-11 13:18:23,205 - INFO - mode ALL COIN: 123 simbol (123 coin terdeteksi, emas selalu diikutkan)
2026-09-11 13:18:53,558 - INFO - mode ALL COIN: 123 simbol (123 coin terdeteksi, emas selalu diikutkan)
2026-09-11 13:18:57,063 - INFO - ◈ AAVEUSDT GE-R3 SHORT | 15M 3/4 · 1H +0 · 4H +0 | zona ▲S 6.8/10 @ 123.857-123.49 | RR 3.54
2026-09-11 13:18:57,063 - INFO - AAVEUSDT setup GE-R3 SHORT zone 6.8/10 rr 3.54
2026-09-11 13:18:57,064 - INFO - ⊘ AAVEUSDT slot penuh 3/3
2026-09-11 13:18:59,504 - INFO - ◈ APTUSDT GE-R3 LONG | 15M 3/4 · 1H +0 · 4H +0 | zona ▼D 8.6/10 @ 0.640531-0.635331 | RR 1.50
2026-09-11 13:18:59,504 - INFO - APTUSDT setup GE-R3 LONG zone 8.6/10 rr 1.50
2026-09-11 13:18:59,504 - INFO - ⊘ APTUSDT slot penuh 3/3
2026-09-11 13:19:25,035 - INFO - mode ALL COIN: 123 simbol (123 coin terdeteksi, emas selalu diikutkan)
2026-09-11 13:19:56,773 - INFO - mode ALL COIN: 123 simbol (123 coin terdeteksi, emas selalu diikutkan)
2026-09-11 13:20:28,550 - INFO - mode ALL COIN: 123 simbol (123 coin terdeteksi, emas selalu diikutkan)
2026-09-11 13:21:01,116 - INFO - mode ALL COIN: 123 simbol (123 coin terdeteksi, emas selalu diikutkan)
2026-09-11 13:21:32,962 - INFO - mode ALL COIN: 123 simbol (123 coin terdeteksi, emas selalu diikutkan)
2026-09-11 13:22:05,128 - INFO - mode ALL COIN: 123 simbol (123 coin terdeteksi, emas selalu diikutkan)
2026-09-11 13:22:36,967 - INFO - mode ALL COIN: 123 simbol (123 coin terdeteksi, emas selalu diikutkan)
2026-09-11 13:23:08,836 - INFO - mode ALL COIN: 123 simbol (123 coin terdeteksi, emas selalu diikutkan)
2026-09-11 13:23:40,450 - INFO - mode ALL COIN: 123 simbol (123 coin terdeteksi, emas selalu diikutkan)
2026-09-11 13:24:11,936 - INFO - mode ALL COIN: 123 simbol (123 coin terdeteksi, emas selalu diikutkan)
2026-09-11 13:24:43,076 - INFO - mode ALL COIN: 123 simbol (123 coin terdeteksi, emas selalu diikutkan)
2026-09-11 13:25:14,451 - INFO - mode ALL COIN: 123 simbol (123 coin terdeteksi, emas selalu diikutkan)
2026-09-11 13:25:45,221 - INFO - mode ALL COIN: 123 simbol (123 coin terdeteksi, emas selalu diikutkan)
2026-09-11 13:26:15,972 - INFO - mode ALL COIN: 123 simbol (123 coin terdeteksi, emas selalu diikutkan)
2026-09-11 13:26:46,719 - INFO - mode ALL COIN: 123 simbol (123 coin terdeteksi, emas selalu diikutkan)
2026-09-11 13:27:17,315 - INFO - mode ALL COIN: 123 simbol (123 coin terdeteksi, emas selalu diikutkan)
2026-09-11 13:27:48,056 - INFO - mode ALL COIN: 123 simbol (123 coin terdeteksi, emas selalu diikutkan)
2026-09-11 13:28:19,408 - INFO - mode ALL COIN: 123 simbol (123 coin terdeteksi, emas selalu diikutkan)
2026-09-11 13:28:50,976 - INFO - mode ALL COIN: 123 simbol (123 coin terdeteksi, emas selalu diikutkan)
2026-09-11 13:29:22,409 - INFO - mode ALL COIN: 123 simbol (123 coin terdeteksi, emas selalu diikutkan)
2026-09-11 13:29:53,269 - INFO - mode ALL COIN: 123 simbol (123 coin terdeteksi, emas selalu diikutkan)
2026-09-11 13:30:03,118 - INFO - ◈ PUMPFUNUSDT GE-R3 SHORT | 15M 4/4 · 1H +0 · 4H +0 | zona ▲S 4.3/10 @ 0.00379286-0.00376768 | RR 3.18
2026-09-11 13:30:03,118 - INFO - PUMPFUNUSDT setup GE-R3 SHORT zone 4.3/10 rr 3.18
2026-09-11 13:30:03,118 - INFO - ⊘ PUMPFUNUSDT slot penuh 3/3
2026-09-11 13:30:23,387 - INFO - mode ALL COIN: 123 simbol (123 coin terdeteksi, emas selalu diikutkan)
2026-09-11 13:30:53,605 - INFO - mode ALL COIN: 123 simbol (123 coin terdeteksi, emas selalu diikutkan)
2026-09-11 13:31:23,638 - INFO - mode ALL COIN: 123 simbol (123 coin terdeteksi, emas selalu diikutkan)
2026-09-11 13:31:27,401 - INFO - ◈ APTUSDT GE-R3 LONG | 15M 4/4 · 1H +0 · 4H +0 | zona ▼D 8.9/10 @ 0.637217-0.631086 | RR 2.16
2026-09-11 13:31:27,401 - INFO - APTUSDT setup GE-R3 LONG zone 8.9/10 rr 2.16
2026-09-11 13:31:27,401 - INFO - ⊘ APTUSDT slot penuh 3/3
2026-09-11 13:31:54,454 - INFO - mode ALL COIN: 123 simbol (123 coin terdeteksi, emas selalu diikutkan)
2026-09-11 13:32:25,913 - INFO - mode ALL COIN: 123 simbol (123 coin terdeteksi, emas selalu diikutkan)
2026-09-11 13:32:57,513 - INFO - mode ALL COIN: 123 simbol (123 coin terdeteksi, emas selalu diikutkan)
2026-09-11 13:33:28,201 - INFO - mode ALL COIN: 123 simbol (123 coin terdeteksi, emas selalu diikutkan)
2026-09-11 13:33:58,675 - INFO - mode ALL COIN: 123 simbol (123 coin terdeteksi, emas selalu diikutkan)
2026-09-11 13:34:29,592 - INFO - mode ALL COIN: 123 simbol (123 coin terdeteksi, emas selalu diikutkan)
2026-09-11 13:35:00,550 - INFO - mode ALL COIN: 123 simbol (123 coin terdeteksi, emas selalu diikutkan)
2026-09-11 13:35:31,897 - INFO - mode ALL COIN: 123 simbol (123 coin terdeteksi, emas selalu diikutkan)
2026-09-11 13:36:04,113 - INFO - mode ALL COIN: 123 simbol (123 coin terdeteksi, emas selalu diikutkan)
2026-09-11 13:36:37,025 - INFO - mode ALL COIN: 123 simbol (123 coin terdeteksi, emas selalu diikutkan)
2026-09-11 13:37:09,440 - INFO - mode ALL COIN: 123 simbol (123 coin terdeteksi, emas selalu diikutkan)
2026-09-11 13:37:41,650 - INFO - mode ALL COIN: 123 simbol (123 coin terdeteksi, emas selalu diikutkan)
2026-09-11 13:38:13,467 - INFO - mode ALL COIN: 123 simbol (123 coin terdeteksi, emas selalu diikutkan)
2026-09-11 13:38:44,160 - INFO - mode ALL COIN: 123 simbol (123 coin terdeteksi, emas selalu diikutkan)
2026-09-11 13:39:14,646 - INFO - mode ALL COIN: 123 simbol (123 coin terdeteksi, emas selalu diikutkan)
2026-09-11 13:39:44,799 - INFO - mode ALL COIN: 123 simbol (123 coin terdeteksi, emas selalu diikutkan)
2026-09-11 13:40:15,164 - INFO - mode ALL COIN: 123 simbol (123 coin terdeteksi, emas selalu diikutkan)
2026-09-11 13:40:17,747 - INFO - 
■ GOLDEN EDGE bot dihentikan.
2026-09-11 13:40:57,487 - INFO - pilihan akun (PRO ALL COIN): '2' -> REAL
2026-09-11 13:41:09,091 - INFO - mode ALL COIN: 123 simbol (123 coin terdeteksi, emas selalu diikutkan)
2026-09-11 13:41:09,091 - INFO - mode ALL COIN · varian H-G-AMAN
2026-09-11 13:41:09,392 - INFO - ▶ GOLDEN EDGE BOT dimulai — saldo $70.61 | 123 simbol | TF 15/60/240m | zona min 4.0/10 | cap $2.80
2026-09-11 13:41:09,393 - INFO - GOLDEN EDGE BOT dimulai — saldo $70.61 | 123 simbol | TF 15/60/240m | zona ≥ 4.0 | cap $2.80
2026-09-11 13:41:09,393 - INFO - mode ALL COIN: 123 simbol (123 coin terdeteksi, emas selalu diikutkan)
2026-09-11 13:41:09,445 - INFO - ⇄ [SYNC] XPLUSDT ▼ SHORT 3211 @ 0.08646751 DIADOSI dari bursa — metode [M1-H · G-AMAN] (SL 0.08782 · TP 0.0842009)
2026-09-11 13:41:09,445 - INFO - [SYNC] XPLUSDT Sell 3211.0 @ 0.08646751 kind=VARH tp1_done=False — diadopsi ke STATES
2026-09-11 13:41:09,456 - INFO - ⇄ [SYNC] ENAUSDT ▼ SHORT 1639 @ 0.14577 DIADOSI dari bursa — metode [M1-H · G-AMAN] (SL 0.14786 · TP 0.143366)
2026-09-11 13:41:09,456 - INFO - [SYNC] ENAUSDT Sell 1639.0 @ 0.14577 kind=VARH tp1_done=False — diadopsi ke STATES
2026-09-11 13:41:09,983 - INFO - ◆ NEARUSDT TP1 2.48489 tercapai — 58.3 ditutup (+4.07$ terkunci) → RIDE aktif
2026-09-11 13:41:09,998 - ERROR - ride NEARUSDT: not modified (ErrCode: 34040) (ErrTime: 06:41:09).
Request → POST https://api.bybit.com/v5/position/trading-stop: {"category": "linear", "symbol": "NEARUSDT", "stopLoss": "2.4191055", "positionIdx": 0}.
2026-09-11 13:41:10,009 - ERROR - manage NEARUSDT: not modified (ErrCode: 34040) (ErrTime: 06:41:10).
Request → POST https://api.bybit.com/v5/position/trading-stop: {"category": "linear", "symbol": "NEARUSDT", "stopLoss": "2.4191055", "positionIdx": 0}.
2026-09-11 13:41:39,313 - INFO - mode ALL COIN: 123 simbol (123 coin terdeteksi, emas selalu diikutkan)
2026-09-11 13:41:39,825 - ERROR - manage NEARUSDT: not modified (ErrCode: 34040) (ErrTime: 06:41:39).
Request → POST https://api.bybit.com/v5/position/trading-stop: {"category": "linear", "symbol": "NEARUSDT", "stopLoss": "2.4191055", "positionIdx": 0}.
2026-09-11 13:42:09,304 - INFO - mode ALL COIN: 123 simbol (123 coin terdeteksi, emas selalu diikutkan)
2026-09-11 13:42:09,946 - ERROR - manage NEARUSDT: not modified (ErrCode: 34040) (ErrTime: 06:42:09).
Request → POST https://api.bybit.com/v5/position/trading-stop: {"category": "linear", "symbol": "NEARUSDT", "stopLoss": "2.4191055", "positionIdx": 0}.
2026-09-11 13:42:39,595 - INFO - mode ALL COIN: 123 simbol (123 coin terdeteksi, emas selalu diikutkan)
2026-09-11 13:42:40,352 - ERROR - manage NEARUSDT: not modified (ErrCode: 34040) (ErrTime: 06:42:40).
Request → POST https://api.bybit.com/v5/position/trading-stop: {"category": "linear", "symbol": "NEARUSDT", "stopLoss": "2.4191055", "positionIdx": 0}.
2026-09-11 13:43:10,406 - INFO - mode ALL COIN: 123 simbol (123 coin terdeteksi, emas selalu diikutkan)
2026-09-11 13:43:11,113 - ERROR - manage NEARUSDT: not modified (ErrCode: 34040) (ErrTime: 06:43:11).
Request → POST https://api.bybit.com/v5/position/trading-stop: {"category": "linear", "symbol": "NEARUSDT", "stopLoss": "2.4191055", "positionIdx": 0}.
2026-09-11 13:43:41,962 - INFO - mode ALL COIN: 123 simbol (123 coin terdeteksi, emas selalu diikutkan)
2026-09-11 13:43:42,607 - ERROR - manage NEARUSDT: not modified (ErrCode: 34040) (ErrTime: 06:43:42).
Request → POST https://api.bybit.com/v5/position/trading-stop: {"category": "linear", "symbol": "NEARUSDT", "stopLoss": "2.4191055", "positionIdx": 0}.
2026-09-11 13:43:43,991 - INFO - [BE] XPLUSDT BE @ 0.0863205 (1.06R)
2026-09-11 13:44:14,010 - INFO - mode ALL COIN: 123 simbol (123 coin terdeteksi, emas selalu diikutkan)
2026-09-11 13:44:14,869 - ERROR - manage NEARUSDT: not modified (ErrCode: 34040) (ErrTime: 06:44:14).
Request → POST https://api.bybit.com/v5/position/trading-stop: {"category": "linear", "symbol": "NEARUSDT", "stopLoss": "2.4191055", "positionIdx": 0}.
2026-09-11 13:44:46,996 - INFO - mode ALL COIN: 123 simbol (123 coin terdeteksi, emas selalu diikutkan)
2026-09-11 13:44:47,551 - ERROR - manage NEARUSDT: not modified (ErrCode: 34040) (ErrTime: 06:44:47).
Request → POST https://api.bybit.com/v5/position/trading-stop: {"category": "linear", "symbol": "NEARUSDT", "stopLoss": "2.4191055", "positionIdx": 0}.
2026-09-11 13:45:19,467 - INFO - mode ALL COIN: 123 simbol (123 coin terdeteksi, emas selalu diikutkan)
2026-09-11 13:45:20,089 - ERROR - manage NEARUSDT: not modified (ErrCode: 34040) (ErrTime: 06:45:20).
Request → POST https://api.bybit.com/v5/position/trading-stop: {"category": "linear", "symbol": "NEARUSDT", "stopLoss": "2.4191055", "positionIdx": 0}.
2026-09-11 13:45:51,657 - INFO - mode ALL COIN: 123 simbol (123 coin terdeteksi, emas selalu diikutkan)
2026-09-11 13:45:52,177 - ERROR - manage NEARUSDT: not modified (ErrCode: 34040) (ErrTime: 06:45:52).
Request → POST https://api.bybit.com/v5/position/trading-stop: {"category": "linear", "symbol": "NEARUSDT", "stopLoss": "2.4191055", "positionIdx": 0}.
2026-09-11 13:46:22,775 - INFO - mode ALL COIN: 123 simbol (123 coin terdeteksi, emas selalu diikutkan)
2026-09-11 13:46:23,367 - ERROR - manage NEARUSDT: not modified (ErrCode: 34040) (ErrTime: 06:46:23).
Request → POST https://api.bybit.com/v5/position/trading-stop: {"category": "linear", "symbol": "NEARUSDT", "stopLoss": "2.4191055", "positionIdx": 0}.
2026-09-11 13:46:53,958 - INFO - mode ALL COIN: 123 simbol (123 coin terdeteksi, emas selalu diikutkan)
2026-09-11 13:46:54,492 - ERROR - manage NEARUSDT: not modified (ErrCode: 34040) (ErrTime: 06:46:54).
Request → POST https://api.bybit.com/v5/position/trading-stop: {"category": "linear", "symbol": "NEARUSDT", "stopLoss": "2.4191055", "positionIdx": 0}.
2026-09-11 13:47:24,993 - INFO - mode ALL COIN: 123 simbol (123 coin terdeteksi, emas selalu diikutkan)
2026-09-11 13:47:25,533 - ERROR - manage NEARUSDT: not modified (ErrCode: 34040) (ErrTime: 06:47:25).
Request → POST https://api.bybit.com/v5/position/trading-stop: {"category": "linear", "symbol": "NEARUSDT", "stopLoss": "2.4191055", "positionIdx": 0}.
2026-09-11 13:47:55,687 - INFO - mode ALL COIN: 123 simbol (123 coin terdeteksi, emas selalu diikutkan)
2026-09-11 13:47:56,242 - ERROR - manage NEARUSDT: not modified (ErrCode: 34040) (ErrTime: 06:47:56).
Request → POST https://api.bybit.com/v5/position/trading-stop: {"category": "linear", "symbol": "NEARUSDT", "stopLoss": "2.4191055", "positionIdx": 0}.
2026-09-11 13:48:01,337 - INFO - ◈ BTRUSDT GE-R3 SHORT | 15M 4/4 · 1H +0 · 4H +0 | zona ▲S 2.7/10 @ 0.0537473-0.0534217 | RR 1.47
2026-09-11 13:48:01,337 - INFO - BTRUSDT setup GE-R3 SHORT zone 2.7/10 rr 1.47
2026-09-11 13:48:01,337 - INFO - ⊘ BTRUSDT slot penuh 3/3
2026-09-11 13:48:26,179 - INFO - mode ALL COIN: 123 simbol (123 coin terdeteksi, emas selalu diikutkan)
2026-09-11 13:48:26,724 - ERROR - manage NEARUSDT: not modified (ErrCode: 34040) (ErrTime: 06:48:26).
Request → POST https://api.bybit.com/v5/position/trading-stop: {"category": "linear", "symbol": "NEARUSDT", "stopLoss": "2.4191055", "positionIdx": 0}.
2026-09-11 13:48:30,284 - INFO - ◈ GOOGLUSDT GE-R3 SHORT | 15M 3/4 · 1H +0 · 4H +0 | zona ▲S 7.0/10 @ 333.081-332.705 | RR 1.50
2026-09-11 13:48:30,284 - INFO - GOOGLUSDT setup GE-R3 SHORT zone 7.0/10 rr 1.50
2026-09-11 13:48:30,284 - INFO - ⊘ GOOGLUSDT slot penuh 3/3
2026-09-11 13:48:35,265 - INFO - ◈ EIGENUSDT GE-R3 LONG | 15M 3/4 · 1H +0 · 4H +1 | zona ▼D 6.6/10 @ 0.214-0.213398 | RR 2.42
2026-09-11 13:48:35,265 - INFO - EIGENUSDT setup GE-R3 LONG zone 6.6/10 rr 2.42
2026-09-11 13:48:35,269 - INFO - ⊘ EIGENUSDT slot penuh 3/3
2026-09-11 13:48:57,154 - INFO - mode ALL COIN: 123 simbol (123 coin terdeteksi, emas selalu diikutkan)
2026-09-11 13:48:57,761 - ERROR - manage NEARUSDT: not modified (ErrCode: 34040) (ErrTime: 06:48:57).
Request → POST https://api.bybit.com/v5/position/trading-stop: {"category": "linear", "symbol": "NEARUSDT", "stopLoss": "2.4191055", "positionIdx": 0}.
2026-09-11 13:49:29,250 - INFO - mode ALL COIN: 123 simbol (123 coin terdeteksi, emas selalu diikutkan)
2026-09-11 13:49:29,820 - ERROR - manage NEARUSDT: not modified (ErrCode: 34040) (ErrTime: 06:49:29).
Request → POST https://api.bybit.com/v5/position/trading-stop: {"category": "linear", "symbol": "NEARUSDT", "stopLoss": "2.4191055", "positionIdx": 0}.
2026-09-11 13:50:01,137 - INFO - mode ALL COIN: 123 simbol (123 coin terdeteksi, emas selalu diikutkan)
2026-09-11 13:50:01,659 - ERROR - manage NEARUSDT: not modified (ErrCode: 34040) (ErrTime: 06:50:01).
Request → POST https://api.bybit.com/v5/position/trading-stop: {"category": "linear", "symbol": "NEARUSDT", "stopLoss": "2.4191055", "positionIdx": 0}.
2026-09-11 13:50:31,820 - INFO - mode ALL COIN: 123 simbol (123 coin terdeteksi, emas selalu diikutkan)
2026-09-11 13:50:32,353 - ERROR - manage NEARUSDT: not modified (ErrCode: 34040) (ErrTime: 06:50:32).
Request → POST https://api.bybit.com/v5/position/trading-stop: {"category": "linear", "symbol": "NEARUSDT", "stopLoss": "2.4191055", "positionIdx": 0}.
2026-09-11 13:51:01,884 - INFO - mode ALL COIN: 123 simbol (123 coin terdeteksi, emas selalu diikutkan)
2026-09-11 13:51:02,408 - ERROR - manage NEARUSDT: not modified (ErrCode: 34040) (ErrTime: 06:51:02).
Request → POST https://api.bybit.com/v5/position/trading-stop: {"category": "linear", "symbol": "NEARUSDT", "stopLoss": "2.4191055", "positionIdx": 0}.
2026-09-11 13:51:31,867 - INFO - mode ALL COIN: 123 simbol (123 coin terdeteksi, emas selalu diikutkan)
2026-09-11 13:51:32,492 - ERROR - manage NEARUSDT: not modified (ErrCode: 34040) (ErrTime: 06:51:32).
Request → POST https://api.bybit.com/v5/position/trading-stop: {"category": "linear", "symbol": "NEARUSDT", "stopLoss": "2.4191055", "positionIdx": 0}.
2026-09-11 13:52:02,287 - INFO - mode ALL COIN: 123 simbol (123 coin terdeteksi, emas selalu diikutkan)
2026-09-11 13:52:02,826 - ERROR - manage NEARUSDT: not modified (ErrCode: 34040) (ErrTime: 06:52:02).
Request → POST https://api.bybit.com/v5/position/trading-stop: {"category": "linear", "symbol": "NEARUSDT", "stopLoss": "2.4191055", "positionIdx": 0}.
2026-09-11 13:52:32,759 - INFO - mode ALL COIN: 123 simbol (123 coin terdeteksi, emas selalu diikutkan)
2026-09-11 13:52:33,279 - ERROR - manage NEARUSDT: not modified (ErrCode: 34040) (ErrTime: 06:52:33).
Request → POST https://api.bybit.com/v5/position/trading-stop: {"category": "linear", "symbol": "NEARUSDT", "stopLoss": "2.4191055", "positionIdx": 0}.
2026-09-11 13:53:03,644 - INFO - mode ALL COIN: 123 simbol (123 coin terdeteksi, emas selalu diikutkan)
2026-09-11 13:53:04,156 - ERROR - manage NEARUSDT: not modified (ErrCode: 34040) (ErrTime: 06:53:04).
Request → POST https://api.bybit.com/v5/position/trading-stop: {"category": "linear", "symbol": "NEARUSDT", "stopLoss": "2.4191055", "positionIdx": 0}.
2026-09-11 13:53:34,772 - INFO - mode ALL COIN: 123 simbol (123 coin terdeteksi, emas selalu diikutkan)
2026-09-11 13:53:35,272 - ERROR - manage NEARUSDT: not modified (ErrCode: 34040) (ErrTime: 06:53:35).
Request → POST https://api.bybit.com/v5/position/trading-stop: {"category": "linear", "symbol": "NEARUSDT", "stopLoss": "2.4191055", "positionIdx": 0}.
2026-09-11 13:54:05,339 - INFO - mode ALL COIN: 123 simbol (123 coin terdeteksi, emas selalu diikutkan)
2026-09-11 13:54:05,840 - ERROR - manage NEARUSDT: not modified (ErrCode: 34040) (ErrTime: 06:54:05).
Request → POST https://api.bybit.com/v5/position/trading-stop: {"category": "linear", "symbol": "NEARUSDT", "stopLoss": "2.4191055", "positionIdx": 0}.
2026-09-11 13:54:35,401 - INFO - mode ALL COIN: 123 simbol (123 coin terdeteksi, emas selalu diikutkan)
2026-09-11 13:54:35,948 - ERROR - manage NEARUSDT: not modified (ErrCode: 34040) (ErrTime: 06:54:35).
Request → POST https://api.bybit.com/v5/position/trading-stop: {"category": "linear", "symbol": "NEARUSDT", "stopLoss": "2.4191055", "positionIdx": 0}.
2026-09-11 13:55:05,400 - INFO - mode ALL COIN: 123 simbol (123 coin terdeteksi, emas selalu diikutkan)
2026-09-11 13:55:05,997 - ERROR - manage NEARUSDT: not modified (ErrCode: 34040) (ErrTime: 06:55:05).
Request → POST https://api.bybit.com/v5/position/trading-stop: {"category": "linear", "symbol": "NEARUSDT", "stopLoss": "2.4191055", "positionIdx": 0}.
2026-09-11 13:55:36,030 - INFO - mode ALL COIN: 123 simbol (123 coin terdeteksi, emas selalu diikutkan)
2026-09-11 13:55:36,718 - ERROR - manage NEARUSDT: not modified (ErrCode: 34040) (ErrTime: 06:55:36).
Request → POST https://api.bybit.com/v5/position/trading-stop: {"category": "linear", "symbol": "NEARUSDT", "stopLoss": "2.4191055", "positionIdx": 0}.
2026-09-11 13:56:07,962 - INFO - mode ALL COIN: 123 simbol (123 coin terdeteksi, emas selalu diikutkan)
2026-09-11 13:56:08,646 - ERROR - manage NEARUSDT: not modified (ErrCode: 34040) (ErrTime: 06:56:08).
Request → POST https://api.bybit.com/v5/position/trading-stop: {"category": "linear", "symbol": "NEARUSDT", "stopLoss": "2.4191055", "positionIdx": 0}.
2026-09-11 13:56:40,316 - INFO - mode ALL COIN: 123 simbol (123 coin terdeteksi, emas selalu diikutkan)
2026-09-11 13:56:40,839 - ERROR - manage NEARUSDT: not modified (ErrCode: 34040) (ErrTime: 06:56:40).
Request → POST https://api.bybit.com/v5/position/trading-stop: {"category": "linear", "symbol": "NEARUSDT", "stopLoss": "2.4191055", "positionIdx": 0}.
2026-09-11 13:57:12,911 - INFO - mode ALL COIN: 123 simbol (123 coin terdeteksi, emas selalu diikutkan)
2026-09-11 13:57:13,517 - ERROR - manage NEARUSDT: not modified (ErrCode: 34040) (ErrTime: 06:57:13).
Request → POST https://api.bybit.com/v5/position/trading-stop: {"category": "linear", "symbol": "NEARUSDT", "stopLoss": "2.4191055", "positionIdx": 0}.
2026-09-11 13:57:45,376 - INFO - mode ALL COIN: 123 simbol (123 coin terdeteksi, emas selalu diikutkan)
2026-09-11 13:57:46,024 - ERROR - manage NEARUSDT: not modified (ErrCode: 34040) (ErrTime: 06:57:46).
Request → POST https://api.bybit.com/v5/position/trading-stop: {"category": "linear", "symbol": "NEARUSDT", "stopLoss": "2.4191055", "positionIdx": 0}.
2026-09-11 13:58:17,418 - INFO - mode ALL COIN: 123 simbol (123 coin terdeteksi, emas selalu diikutkan)
2026-09-11 13:58:17,997 - ERROR - manage NEARUSDT: not modified (ErrCode: 34040) (ErrTime: 06:58:17).
Request → POST https://api.bybit.com/v5/position/trading-stop: {"category": "linear", "symbol": "NEARUSDT", "stopLoss": "2.4191055", "positionIdx": 0}.
2026-09-11 13:58:48,904 - INFO - mode ALL COIN: 123 simbol (123 coin terdeteksi, emas selalu diikutkan)
2026-09-11 13:58:49,409 - ERROR - manage NEARUSDT: not modified (ErrCode: 34040) (ErrTime: 06:58:49).
Request → POST https://api.bybit.com/v5/position/trading-stop: {"category": "linear", "symbol": "NEARUSDT", "stopLoss": "2.4191055", "positionIdx": 0}.
2026-09-11 13:59:20,109 - INFO - mode ALL COIN: 123 simbol (123 coin terdeteksi, emas selalu diikutkan)
2026-09-11 13:59:20,625 - ERROR - manage NEARUSDT: not modified (ErrCode: 34040) (ErrTime: 06:59:20).
Request → POST https://api.bybit.com/v5/position/trading-stop: {"category": "linear", "symbol": "NEARUSDT", "stopLoss": "2.4191055", "positionIdx": 0}.
2026-09-11 13:59:51,024 - INFO - mode ALL COIN: 123 simbol (123 coin terdeteksi, emas selalu diikutkan)
2026-09-11 13:59:51,518 - ERROR - manage NEARUSDT: not modified (ErrCode: 34040) (ErrTime: 06:59:51).
Request → POST https://api.bybit.com/v5/position/trading-stop: {"category": "linear", "symbol": "NEARUSDT", "stopLoss": "2.4191055", "positionIdx": 0}.
2026-09-11 14:00:21,736 - INFO - mode ALL COIN: 123 simbol (123 coin terdeteksi, emas selalu diikutkan)
2026-09-11 14:00:22,382 - ERROR - manage NEARUSDT: not modified (ErrCode: 34040) (ErrTime: 07:00:22).
Request → POST https://api.bybit.com/v5/position/trading-stop: {"category": "linear", "symbol": "NEARUSDT", "stopLoss": "2.4191055", "positionIdx": 0}.
2026-09-11 14:00:52,451 - INFO - mode ALL COIN: 123 simbol (123 coin terdeteksi, emas selalu diikutkan)
2026-09-11 14:00:53,077 - ERROR - manage NEARUSDT: not modified (ErrCode: 34040) (ErrTime: 07:00:53).
Request → POST https://api.bybit.com/v5/position/trading-stop: {"category": "linear", "symbol": "NEARUSDT", "stopLoss": "2.4191055", "positionIdx": 0}.
2026-09-11 14:00:59,743 - INFO - ◈ EIGENUSDT GE-R3 LONG | 15M 3/4 · 1H +0 · 4H +1 | zona ▼D 6.5/10 @ 0.2138-0.213398 | RR 1.90
2026-09-11 14:00:59,744 - INFO - EIGENUSDT setup GE-R3 LONG zone 6.5/10 rr 1.90
2026-09-11 14:00:59,744 - INFO - ⊘ EIGENUSDT slot penuh 3/3
2026-09-11 14:01:23,603 - INFO - mode ALL COIN: 123 simbol (123 coin terdeteksi, emas selalu diikutkan)
2026-09-11 14:01:24,244 - ERROR - manage NEARUSDT: not modified (ErrCode: 34040) (ErrTime: 07:01:24).
Request → POST https://api.bybit.com/v5/position/trading-stop: {"category": "linear", "symbol": "NEARUSDT", "stopLoss": "2.4191055", "positionIdx": 0}.
2026-09-11 14:01:33,288 - INFO - ◈ SOLUSDT GE-R3 SHORT | 15M 3/4 · 1H +0 · 4H +0 | zona ▲S 4.6/10 @ 100.119-99.9231 | RR 2.34
2026-09-11 14:01:33,289 - INFO - SOLUSDT setup GE-R3 SHORT zone 4.6/10 rr 2.34
2026-09-11 14:01:33,289 - INFO - ⊘ SOLUSDT slot penuh 3/3
2026-09-11 14:01:55,657 - INFO - mode ALL COIN: 123 simbol (123 coin terdeteksi, emas selalu diikutkan)
2026-09-11 14:01:56,155 - ERROR - manage NEARUSDT: not modified (ErrCode: 34040) (ErrTime: 07:01:56).
Request → POST https://api.bybit.com/v5/position/trading-stop: {"category": "linear", "symbol": "NEARUSDT", "stopLoss": "2.4191055", "positionIdx": 0}.
2026-09-11 14:02:26,771 - INFO - mode ALL COIN: 123 simbol (123 coin terdeteksi, emas selalu diikutkan)
2026-09-11 14:02:27,273 - ERROR - manage NEARUSDT: not modified (ErrCode: 34040) (ErrTime: 07:02:27).
Request → POST https://api.bybit.com/v5/position/trading-stop: {"category": "linear", "symbol": "NEARUSDT", "stopLoss": "2.4191055", "positionIdx": 0}.
2026-09-11 14:02:56,927 - INFO - mode ALL COIN: 123 simbol (123 coin terdeteksi, emas selalu diikutkan)
2026-09-11 14:02:57,421 - ERROR - manage NEARUSDT: not modified (ErrCode: 34040) (ErrTime: 07:02:57).
Request → POST https://api.bybit.com/v5/position/trading-stop: {"category": "linear", "symbol": "NEARUSDT", "stopLoss": "2.4191055", "positionIdx": 0}.
2026-09-11 14:03:26,885 - INFO - mode ALL COIN: 123 simbol (123 coin terdeteksi, emas selalu diikutkan)
2026-09-11 14:03:27,485 - ERROR - manage NEARUSDT: not modified (ErrCode: 34040) (ErrTime: 07:03:27).
Request → POST https://api.bybit.com/v5/position/trading-stop: {"category": "linear", "symbol": "NEARUSDT", "stopLoss": "2.4191055", "positionIdx": 0}.
2026-09-11 14:03:32,513 - INFO - ◈ NVDAUSDT GE-R3 SHORT | 15M 4/4 · 1H +0 · 4H +0 | zona ▲S 4.1/10 @ 220.272-220.101 | RR 4.66
2026-09-11 14:03:32,514 - INFO - NVDAUSDT setup GE-R3 SHORT zone 4.1/10 rr 4.66
2026-09-11 14:03:32,514 - INFO - ⊘ NVDAUSDT slot penuh 3/3
2026-09-11 14:03:57,377 - INFO - mode ALL COIN: 123 simbol (123 coin terdeteksi, emas selalu diikutkan)
2026-09-11 14:03:57,919 - ERROR - manage NEARUSDT: not modified (ErrCode: 34040) (ErrTime: 07:03:57).
Request → POST https://api.bybit.com/v5/position/trading-stop: {"category": "linear", "symbol": "NEARUSDT", "stopLoss": "2.4191055", "positionIdx": 0}.
2026-09-11 14:04:28,354 - INFO - mode ALL COIN: 123 simbol (123 coin terdeteksi, emas selalu diikutkan)
2026-09-11 14:04:28,895 - ERROR - manage NEARUSDT: not modified (ErrCode: 34040) (ErrTime: 07:04:28).
Request → POST https://api.bybit.com/v5/position/trading-stop: {"category": "linear", "symbol": "NEARUSDT", "stopLoss": "2.4191055", "positionIdx": 0}.
2026-09-11 14:04:59,038 - INFO - mode ALL COIN: 122 simbol (122 coin terdeteksi, emas selalu diikutkan)
2026-09-11 14:04:59,544 - ERROR - manage NEARUSDT: not modified (ErrCode: 34040) (ErrTime: 07:04:59).
Request → POST https://api.bybit.com/v5/position/trading-stop: {"category": "linear", "symbol": "NEARUSDT", "stopLoss": "2.4191055", "positionIdx": 0}.
2026-09-11 14:05:28,537 - INFO - mode ALL COIN: 122 simbol (122 coin terdeteksi, emas selalu diikutkan)
2026-09-11 14:05:29,056 - ERROR - manage NEARUSDT: not modified (ErrCode: 34040) (ErrTime: 07:05:29).
Request → POST https://api.bybit.com/v5/position/trading-stop: {"category": "linear", "symbol": "NEARUSDT", "stopLoss": "2.4191055", "positionIdx": 0}.
2026-09-11 14:05:58,534 - INFO - mode ALL COIN: 122 simbol (122 coin terdeteksi, emas selalu diikutkan)
2026-09-11 14:05:59,092 - ERROR - manage NEARUSDT: not modified (ErrCode: 34040) (ErrTime: 07:05:59).
Request → POST https://api.bybit.com/v5/position/trading-stop: {"category": "linear", "symbol": "NEARUSDT", "stopLoss": "2.4191055", "positionIdx": 0}.
2026-09-11 14:06:29,375 - INFO - mode ALL COIN: 122 simbol (122 coin terdeteksi, emas selalu diikutkan)
2026-09-11 14:06:29,970 - ERROR - manage NEARUSDT: not modified (ErrCode: 34040) (ErrTime: 07:06:29).
Request → POST https://api.bybit.com/v5/position/trading-stop: {"category": "linear", "symbol": "NEARUSDT", "stopLoss": "2.4191055", "positionIdx": 0}.
2026-09-11 14:07:00,958 - INFO - mode ALL COIN: 122 simbol (122 coin terdeteksi, emas selalu diikutkan)
2026-09-11 14:07:01,491 - ERROR - manage NEARUSDT: not modified (ErrCode: 34040) (ErrTime: 07:07:01).
Request → POST https://api.bybit.com/v5/position/trading-stop: {"category": "linear", "symbol": "NEARUSDT", "stopLoss": "2.4191055", "positionIdx": 0}.
2026-09-11 14:07:32,091 - INFO - mode ALL COIN: 122 simbol (122 coin terdeteksi, emas selalu diikutkan)
2026-09-11 14:07:32,635 - ERROR - manage NEARUSDT: not modified (ErrCode: 34040) (ErrTime: 07:07:32).
Request → POST https://api.bybit.com/v5/position/trading-stop: {"category": "linear", "symbol": "NEARUSDT", "stopLoss": "2.4191055", "positionIdx": 0}.
2026-09-11 14:08:02,510 - INFO - mode ALL COIN: 122 simbol (122 coin terdeteksi, emas selalu diikutkan)
2026-09-11 14:08:03,089 - ERROR - manage NEARUSDT: not modified (ErrCode: 34040) (ErrTime: 07:08:03).
Request → POST https://api.bybit.com/v5/position/trading-stop: {"category": "linear", "symbol": "NEARUSDT", "stopLoss": "2.4191055", "positionIdx": 0}.
2026-09-11 14:08:32,180 - INFO - mode ALL COIN: 122 simbol (122 coin terdeteksi, emas selalu diikutkan)
2026-09-11 14:08:32,967 - ERROR - manage NEARUSDT: not modified (ErrCode: 34040) (ErrTime: 07:08:32).
Request → POST https://api.bybit.com/v5/position/trading-stop: {"category": "linear", "symbol": "NEARUSDT", "stopLoss": "2.4191055", "positionIdx": 0}.
2026-09-11 14:09:02,968 - INFO - mode ALL COIN: 122 simbol (122 coin terdeteksi, emas selalu diikutkan)
2026-09-11 14:09:03,688 - ERROR - manage NEARUSDT: not modified (ErrCode: 34040) (ErrTime: 07:09:03).
Request → POST https://api.bybit.com/v5/position/trading-stop: {"category": "linear", "symbol": "NEARUSDT", "stopLoss": "2.4191055", "positionIdx": 0}.
2026-09-11 14:09:34,749 - INFO - mode ALL COIN: 122 simbol (122 coin terdeteksi, emas selalu diikutkan)
2026-09-11 14:09:35,422 - ERROR - manage NEARUSDT: not modified (ErrCode: 34040) (ErrTime: 07:09:35).
Request → POST https://api.bybit.com/v5/position/trading-stop: {"category": "linear", "symbol": "NEARUSDT", "stopLoss": "2.4191055", "positionIdx": 0}.
2026-09-11 14:10:07,721 - INFO - mode ALL COIN: 122 simbol (122 coin terdeteksi, emas selalu diikutkan)
2026-09-11 14:10:08,294 - ERROR - manage NEARUSDT: not modified (ErrCode: 34040) (ErrTime: 07:10:08).
Request → POST https://api.bybit.com/v5/position/trading-stop: {"category": "linear", "symbol": "NEARUSDT", "stopLoss": "2.4191055", "positionIdx": 0}.
2026-09-11 14:10:39,766 - INFO - mode ALL COIN: 122 simbol (122 coin terdeteksi, emas selalu diikutkan)
2026-09-11 14:10:40,363 - ERROR - manage NEARUSDT: not modified (ErrCode: 34040) (ErrTime: 07:10:40).
Request → POST https://api.bybit.com/v5/position/trading-stop: {"category": "linear", "symbol": "NEARUSDT", "stopLoss": "2.4191055", "positionIdx": 0}.
2026-09-11 14:10:40,373 - INFO - ◆ NEARUSDT TP2 2.4989 tercapai — sisa ditutup (RIDE selesai)
2026-09-11 14:11:11,742 - INFO - mode ALL COIN: 122 simbol (122 coin terdeteksi, emas selalu diikutkan)
2026-09-11 14:11:43,154 - INFO - mode ALL COIN: 122 simbol (122 coin terdeteksi, emas selalu diikutkan)
2026-09-11 14:11:43,774 - INFO - ■ NEARUSDT closed-ex ditutup — PnL +9.04$ (ROI +80.2%)
2026-09-11 14:11:43,774 - INFO - NEARUSDT closed-ex ditutup — PnL +9.04$ (ROI +80.2%)
2026-09-11 14:12:15,388 - INFO - mode ALL COIN: 122 simbol (122 coin terdeteksi, emas selalu diikutkan)
2026-09-11 14:12:46,370 - INFO - mode ALL COIN: 122 simbol (122 coin terdeteksi, emas selalu diikutkan)
2026-09-11 14:13:18,578 - INFO - mode ALL COIN: 122 simbol (122 coin terdeteksi, emas selalu diikutkan)
2026-09-11 14:13:50,377 - INFO - mode ALL COIN: 122 simbol (122 coin terdeteksi, emas selalu diikutkan)
2026-09-11 14:14:20,432 - INFO - mode ALL COIN: 122 simbol (122 coin terdeteksi, emas selalu diikutkan)
2026-09-11 14:14:49,866 - INFO - mode ALL COIN: 122 simbol (122 coin terdeteksi, emas selalu diikutkan)
2026-09-11 14:15:20,087 - INFO - mode ALL COIN: 121 simbol (121 coin terdeteksi, emas selalu diikutkan)
2026-09-11 14:15:24,924 - INFO - ◈ MUUSDT GE-R3 SHORT | 15M 3/4 · 1H +0 · 4H +0 | zona ▲S 4.0/10 @ 989.977-988.85 | RR 1.27
2026-09-11 14:15:24,924 - INFO - MUUSDT setup GE-R3 SHORT zone 4.0/10 rr 1.27
2026-09-11 14:15:24,984 - ERROR - order MUUSDT: You must sign the required agreement before trading this contract. (ErrCode: 110126) (ErrTime: 07:15:24).
Request → POST https://api.bybit.com/v5/order/create: {"category": "linear", "symbol": "MUUSDT", "side": "Sell", "orderType": "Market", "qty": "0.36", "timeInForce": "GTC", "positionIdx": 0}.
2026-09-11 14:15:24,984 - INFO - ✖ MUUSDT order Market DITOLAK bursa — You must sign the required agreement before trading this contract. (ErrCode: 110126) (ErrTime: 07:15:24).
Request → POST https://api.bybit.com/v5/order/create: {"category": "linear", "symbol": "MUUSDT", "side": "Sell", "orderType": "Market", "qty": "0.36", "timeInForce": "GTC", "positionIdx": 0}..
2026-09-11 14:15:50,868 - INFO - mode ALL COIN: 121 simbol (121 coin terdeteksi, emas selalu diikutkan)
2026-09-11 14:16:00,145 - INFO - ◈ XLMUSDT GE-R3 SHORT | 15M 4/4 · 1H +0 · 4H +0 | zona ▲S 4.5/10 @ 0.177253-0.1769 | RR 1.41
2026-09-11 14:16:00,145 - INFO - XLMUSDT setup GE-R3 SHORT zone 4.5/10 rr 1.41
2026-09-11 14:16:01,427 - INFO - ▼ SHORT XLMUSDT [GE-R3] @ 0.1767 25x | 15M 4/4 4.5/10 RR 1.41 TP 0.17527 SL 0.177715
2026-09-11 14:16:01,427 - INFO - XLMUSDT ENTRY Sell @ 0.1767 25x TP 0.17527 SL 0.177715 zone 4.5/10 rr 1.41
2026-09-11 14:16:23,019 - INFO - mode ALL COIN: 121 simbol (121 coin terdeteksi, emas selalu diikutkan)
2026-09-11 14:16:24,636 - INFO - ⚠ XLMUSDT POSISI TANPA SL — dipasang ulang @ 0.178084
2026-09-11 14:16:29,887 - INFO - ◈ SAMSUNGUSDT GE-R3 SHORT | 15M 3/4 · 1H -1 · 4H +0 | zona ▲S 4.2/10 @ 194.269-193.96 | RR 2.98
2026-09-11 14:16:29,887 - INFO - SAMSUNGUSDT setup GE-R3 SHORT zone 4.2/10 rr 2.98
2026-09-11 14:16:29,887 - INFO - ⊘ SAMSUNGUSDT slot penuh 3/3
2026-09-11 14:16:53,025 - INFO - mode ALL COIN: 121 simbol (121 coin terdeteksi, emas selalu diikutkan)
2026-09-11 14:17:22,585 - INFO - mode ALL COIN: 121 simbol (121 coin terdeteksi, emas selalu diikutkan)
2026-09-11 14:17:26,728 - INFO - ◈ EIGENUSDT GE-R3 LONG | 15M 3/4 · 1H +0 · 4H +1 | zona ▼D 6.5/10 @ 0.214545-0.213398 | RR 1.23
2026-09-11 14:17:26,728 - INFO - EIGENUSDT setup GE-R3 LONG zone 6.5/10 rr 1.23
2026-09-11 14:17:26,728 - INFO - ⊘ EIGENUSDT slot penuh 3/3
2026-09-11 14:17:52,580 - INFO - mode ALL COIN: 121 simbol (121 coin terdeteksi, emas selalu diikutkan)
2026-09-11 14:17:56,717 - INFO - ◈ SOLUSDT GE-R3 SHORT | 15M 3/4 · 1H +0 · 4H +0 | zona ▲S 7.1/10 @ 100.165-99.94 | RR 2.27
2026-09-11 14:17:56,717 - INFO - SOLUSDT setup GE-R3 SHORT zone 7.1/10 rr 2.27
2026-09-11 14:17:56,718 - INFO - ⊘ SOLUSDT slot penuh 3/3
2026-09-11 14:18:22,597 - INFO - mode ALL COIN: 121 simbol (121 coin terdeteksi, emas selalu diikutkan)
2026-09-11 14:18:53,405 - INFO - mode ALL COIN: 121 simbol (121 coin terdeteksi, emas selalu diikutkan)
2026-09-11 14:19:24,907 - INFO - mode ALL COIN: 121 simbol (121 coin terdeteksi, emas selalu diikutkan)
2026-09-11 14:19:56,769 - INFO - mode ALL COIN: 121 simbol (121 coin terdeteksi, emas selalu diikutkan)
2026-09-11 14:20:27,793 - INFO - mode ALL COIN: 121 simbol (121 coin terdeteksi, emas selalu diikutkan)
2026-09-11 14:20:57,975 - INFO - mode ALL COIN: 121 simbol (121 coin terdeteksi, emas selalu diikutkan)
2026-09-11 14:21:27,705 - INFO - mode ALL COIN: 121 simbol (121 coin terdeteksi, emas selalu diikutkan)
2026-09-11 14:21:58,045 - INFO - mode ALL COIN: 121 simbol (121 coin terdeteksi, emas selalu diikutkan)
2026-09-11 14:22:28,514 - INFO - mode ALL COIN: 121 simbol (121 coin terdeteksi, emas selalu diikutkan)
2026-09-11 14:22:59,339 - INFO - mode ALL COIN: 121 simbol (121 coin terdeteksi, emas selalu diikutkan)
2026-09-11 14:23:30,814 - INFO - mode ALL COIN: 121 simbol (121 coin terdeteksi, emas selalu diikutkan)
2026-09-11 14:24:02,889 - INFO - mode ALL COIN: 121 simbol (121 coin terdeteksi, emas selalu diikutkan)
2026-09-11 14:24:35,884 - INFO - mode ALL COIN: 121 simbol (121 coin terdeteksi, emas selalu diikutkan)
2026-09-11 14:25:08,107 - INFO - mode ALL COIN: 122 simbol (122 coin terdeteksi, emas selalu diikutkan)
2026-09-11 14:25:39,438 - INFO - mode ALL COIN: 122 simbol (122 coin terdeteksi, emas selalu diikutkan)
2026-09-11 14:26:10,938 - INFO - mode ALL COIN: 122 simbol (122 coin terdeteksi, emas selalu diikutkan)
2026-09-11 14:26:42,154 - INFO - mode ALL COIN: 122 simbol (122 coin terdeteksi, emas selalu diikutkan)
2026-09-11 14:27:13,533 - INFO - mode ALL COIN: 122 simbol (122 coin terdeteksi, emas selalu diikutkan)
2026-09-11 14:27:44,927 - INFO - mode ALL COIN: 122 simbol (122 coin terdeteksi, emas selalu diikutkan)
2026-09-11 14:28:16,446 - INFO - mode ALL COIN: 122 simbol (122 coin terdeteksi, emas selalu diikutkan)
2026-09-11 14:28:47,537 - INFO - mode ALL COIN: 122 simbol (122 coin terdeteksi, emas selalu diikutkan)
2026-09-11 14:29:17,987 - INFO - mode ALL COIN: 122 simbol (122 coin terdeteksi, emas selalu diikutkan)
2026-09-11 14:29:48,898 - INFO - mode ALL COIN: 122 simbol (122 coin terdeteksi, emas selalu diikutkan)
2026-09-11 14:30:20,742 - INFO - mode ALL COIN: 121 simbol (121 coin terdeteksi, emas selalu diikutkan)
2026-09-11 14:30:52,844 - INFO - mode ALL COIN: 121 simbol (121 coin terdeteksi, emas selalu diikutkan)
2026-09-11 14:31:24,990 - INFO - mode ALL COIN: 122 simbol (122 coin terdeteksi, emas selalu diikutkan)
2026-09-11 14:31:56,939 - INFO - mode ALL COIN: 122 simbol (122 coin terdeteksi, emas selalu diikutkan)
2026-09-11 14:32:27,737 - INFO - mode ALL COIN: 122 simbol (122 coin terdeteksi, emas selalu diikutkan)
2026-09-11 14:32:37,027 - INFO - ◈ SAMSUNGUSDT GE-R3 SHORT | 15M 3/4 · 1H -1 · 4H +0 | zona ▲S 4.2/10 @ 194.269-193.886 | RR 2.90
2026-09-11 14:32:37,027 - INFO - SAMSUNGUSDT setup GE-R3 SHORT zone 4.2/10 rr 2.90
2026-09-11 14:32:37,027 - INFO - ⊘ SAMSUNGUSDT slot penuh 3/3
2026-09-11 14:32:57,328 - INFO - mode ALL COIN: 122 simbol (122 coin terdeteksi, emas selalu diikutkan)
2026-09-11 14:33:27,323 - INFO - mode ALL COIN: 122 simbol (122 coin terdeteksi, emas selalu diikutkan)
2026-09-11 14:33:57,535 - INFO - mode ALL COIN: 122 simbol (122 coin terdeteksi, emas selalu diikutkan)
2026-09-11 14:34:28,824 - INFO - mode ALL COIN: 122 simbol (122 coin terdeteksi, emas selalu diikutkan)
2026-09-11 14:35:00,169 - INFO - mode ALL COIN: 121 simbol (121 coin terdeteksi, emas selalu diikutkan)
2026-09-11 14:35:31,232 - INFO - mode ALL COIN: 121 simbol (121 coin terdeteksi, emas selalu diikutkan)
2026-09-11 14:36:01,690 - INFO - mode ALL COIN: 121 simbol (121 coin terdeteksi, emas selalu diikutkan)
2026-09-11 14:36:31,748 - INFO - mode ALL COIN: 121 simbol (121 coin terdeteksi, emas selalu diikutkan)
2026-09-11 14:37:01,360 - INFO - mode ALL COIN: 121 simbol (121 coin terdeteksi, emas selalu diikutkan)
2026-09-11 14:37:30,981 - INFO - mode ALL COIN: 120 simbol (120 coin terdeteksi, emas selalu diikutkan)
2026-09-11 14:38:02,345 - INFO - mode ALL COIN: 120 simbol (120 coin terdeteksi, emas selalu diikutkan)
2026-09-11 14:38:33,723 - INFO - mode ALL COIN: 120 simbol (120 coin terdeteksi, emas selalu diikutkan)
2026-09-11 14:39:05,052 - INFO - mode ALL COIN: 120 simbol (120 coin terdeteksi, emas selalu diikutkan)
2026-09-11 14:39:35,958 - INFO - mode ALL COIN: 120 simbol (120 coin terdeteksi, emas selalu diikutkan)
2026-09-11 14:40:06,612 - INFO - mode ALL COIN: 120 simbol (120 coin terdeteksi, emas selalu diikutkan)
2026-09-11 14:40:36,840 - INFO - mode ALL COIN: 120 simbol (120 coin terdeteksi, emas selalu diikutkan)
2026-09-11 14:41:06,297 - INFO - mode ALL COIN: 120 simbol (120 coin terdeteksi, emas selalu diikutkan)
2026-09-11 14:41:36,020 - INFO - mode ALL COIN: 120 simbol (120 coin terdeteksi, emas selalu diikutkan)
2026-09-11 14:42:07,022 - INFO - mode ALL COIN: 120 simbol (120 coin terdeteksi, emas selalu diikutkan)
2026-09-11 14:42:38,948 - INFO - mode ALL COIN: 120 simbol (120 coin terdeteksi, emas selalu diikutkan)
2026-09-11 14:43:11,398 - INFO - mode ALL COIN: 120 simbol (120 coin terdeteksi, emas selalu diikutkan)
2026-09-11 14:43:43,775 - INFO - mode ALL COIN: 120 simbol (120 coin terdeteksi, emas selalu diikutkan)
2026-09-11 14:44:15,628 - INFO - mode ALL COIN: 121 simbol (121 coin terdeteksi, emas selalu diikutkan)
2026-09-11 14:44:46,818 - INFO - mode ALL COIN: 121 simbol (121 coin terdeteksi, emas selalu diikutkan)
2026-09-11 14:45:17,182 - INFO - mode ALL COIN: 121 simbol (121 coin terdeteksi, emas selalu diikutkan)
2026-09-11 14:45:25,126 - INFO - ◈ EIGENUSDT GE-R3 LONG | 15M 3/4 · 1H +0 · 4H +1 | zona ▼D 7.2/10 @ 0.214545-0.213397 | RR 2.24
2026-09-11 14:45:25,126 - INFO - EIGENUSDT setup GE-R3 LONG zone 7.2/10 rr 2.24
2026-09-11 14:45:25,126 - INFO - ⊘ EIGENUSDT slot penuh 3/3
2026-09-11 14:45:47,411 - INFO - mode ALL COIN: 121 simbol (121 coin terdeteksi, emas selalu diikutkan)
2026-09-11 14:46:18,395 - INFO - mode ALL COIN: 121 simbol (121 coin terdeteksi, emas selalu diikutkan)
2026-09-11 14:46:49,005 - INFO - mode ALL COIN: 121 simbol (121 coin terdeteksi, emas selalu diikutkan)
2026-09-11 14:47:20,120 - INFO - mode ALL COIN: 121 simbol (121 coin terdeteksi, emas selalu diikutkan)
2026-09-11 14:47:52,255 - INFO - mode ALL COIN: 121 simbol (121 coin terdeteksi, emas selalu diikutkan)
2026-09-11 14:48:25,157 - INFO - mode ALL COIN: 121 simbol (121 coin terdeteksi, emas selalu diikutkan)
2026-09-11 14:48:58,187 - INFO - mode ALL COIN: 121 simbol (121 coin terdeteksi, emas selalu diikutkan)
2026-09-11 14:49:01,719 - INFO - ◈ SAMSUNGUSDT GE-R3 SHORT | 15M 3/4 · 1H -1 · 4H +0 | zona ▲S 4.2/10 @ 194.269-193.886 | RR 2.86
2026-09-11 14:49:01,719 - INFO - SAMSUNGUSDT setup GE-R3 SHORT zone 4.2/10 rr 2.86
2026-09-11 14:49:01,719 - INFO - ⊘ SAMSUNGUSDT slot penuh 3/3
2026-09-11 14:49:31,573 - INFO - mode ALL COIN: 121 simbol (121 coin terdeteksi, emas selalu diikutkan)
2026-09-11 14:50:03,241 - INFO - mode ALL COIN: 121 simbol (121 coin terdeteksi, emas selalu diikutkan)
2026-09-11 14:50:34,769 - INFO - mode ALL COIN: 121 simbol (121 coin terdeteksi, emas selalu diikutkan)
2026-09-11 14:51:05,869 - INFO - mode ALL COIN: 121 simbol (121 coin terdeteksi, emas selalu diikutkan)
2026-09-11 14:51:36,952 - INFO - mode ALL COIN: 121 simbol (121 coin terdeteksi, emas selalu diikutkan)
2026-09-11 14:52:07,889 - INFO - mode ALL COIN: 121 simbol (121 coin terdeteksi, emas selalu diikutkan)
2026-09-11 14:52:38,710 - INFO - mode ALL COIN: 121 simbol (121 coin terdeteksi, emas selalu diikutkan)
2026-09-11 14:53:09,402 - INFO - mode ALL COIN: 121 simbol (121 coin terdeteksi, emas selalu diikutkan)
2026-09-11 14:53:40,790 - INFO - mode ALL COIN: 121 simbol (121 coin terdeteksi, emas selalu diikutkan)
2026-09-11 14:54:12,033 - INFO - mode ALL COIN: 121 simbol (121 coin terdeteksi, emas selalu diikutkan)
2026-09-11 14:54:44,260 - INFO - mode ALL COIN: 121 simbol (121 coin terdeteksi, emas selalu diikutkan)
2026-09-11 14:55:16,828 - INFO - mode ALL COIN: 121 simbol (121 coin terdeteksi, emas selalu diikutkan)
2026-09-11 14:55:48,668 - INFO - mode ALL COIN: 121 simbol (121 coin terdeteksi, emas selalu diikutkan)
2026-09-11 14:56:19,406 - INFO - mode ALL COIN: 121 simbol (121 coin terdeteksi, emas selalu diikutkan)
2026-09-11 14:56:49,599 - INFO - mode ALL COIN: 121 simbol (121 coin terdeteksi, emas selalu diikutkan)
2026-09-11 14:57:19,146 - INFO - mode ALL COIN: 121 simbol (121 coin terdeteksi, emas selalu diikutkan)
2026-09-11 14:57:48,971 - INFO - mode ALL COIN: 121 simbol (121 coin terdeteksi, emas selalu diikutkan)
2026-09-11 14:58:19,855 - INFO - mode ALL COIN: 121 simbol (121 coin terdeteksi, emas selalu diikutkan)
2026-09-11 14:58:50,940 - INFO - mode ALL COIN: 121 simbol (121 coin terdeteksi, emas selalu diikutkan)
2026-09-11 14:59:22,474 - INFO - mode ALL COIN: 121 simbol (121 coin terdeteksi, emas selalu diikutkan)
2026-09-11 14:59:53,450 - INFO - mode ALL COIN: 121 simbol (121 coin terdeteksi, emas selalu diikutkan)
2026-09-11 15:00:24,156 - INFO - mode ALL COIN: 121 simbol (121 coin terdeteksi, emas selalu diikutkan)
2026-09-11 15:00:54,172 - INFO - mode ALL COIN: 121 simbol (121 coin terdeteksi, emas selalu diikutkan)
2026-09-11 15:00:59,352 - INFO - ◈ SAMSUNGUSDT GE-R3 SHORT | 15M 3/4 · 1H +0 · 4H +0 | zona ▲S 4.1/10 @ 194.269-193.886 | RR 2.52
2026-09-11 15:00:59,352 - INFO - SAMSUNGUSDT setup GE-R3 SHORT zone 4.1/10 rr 2.52
2026-09-11 15:00:59,352 - INFO - ⊘ SAMSUNGUSDT slot penuh 3/3
2026-09-11 15:01:23,753 - INFO - mode ALL COIN: 121 simbol (121 coin terdeteksi, emas selalu diikutkan)
2026-09-11 15:01:53,834 - INFO - mode ALL COIN: 121 simbol (121 coin terdeteksi, emas selalu diikutkan)
2026-09-11 15:02:25,325 - INFO - mode ALL COIN: 121 simbol (121 coin terdeteksi, emas selalu diikutkan)
2026-09-11 15:02:56,910 - INFO - mode ALL COIN: 121 simbol (121 coin terdeteksi, emas selalu diikutkan)
2026-09-11 15:03:27,765 - INFO - mode ALL COIN: 121 simbol (121 coin terdeteksi, emas selalu diikutkan)
2026-09-11 15:03:58,200 - INFO - mode ALL COIN: 121 simbol (121 coin terdeteksi, emas selalu diikutkan)
2026-09-11 15:04:28,259 - INFO - mode ALL COIN: 121 simbol (121 coin terdeteksi, emas selalu diikutkan)
2026-09-11 15:04:58,413 - INFO - mode ALL COIN: 121 simbol (121 coin terdeteksi, emas selalu diikutkan)
2026-09-11 15:05:28,339 - INFO - mode ALL COIN: 121 simbol (121 coin terdeteksi, emas selalu diikutkan)
2026-09-11 15:05:58,966 - INFO - mode ALL COIN: 121 simbol (121 coin terdeteksi, emas selalu diikutkan)
2026-09-11 15:06:30,645 - INFO - mode ALL COIN: 121 simbol (121 coin terdeteksi, emas selalu diikutkan)
2026-09-11 15:07:01,835 - INFO - mode ALL COIN: 121 simbol (121 coin terdeteksi, emas selalu diikutkan)
2026-09-11 15:07:32,387 - INFO - mode ALL COIN: 121 simbol (121 coin terdeteksi, emas selalu diikutkan)
2026-09-11 15:08:02,401 - INFO - mode ALL COIN: 121 simbol (121 coin terdeteksi, emas selalu diikutkan)
2026-09-11 15:08:03,484 - INFO - ■ XPLUSDT closed-ex ditutup — PnL +0.70$ (ROI +6.3%)
2026-09-11 15:08:03,484 - INFO - XPLUSDT closed-ex ditutup — PnL +0.70$ (ROI +6.3%)
2026-09-11 15:08:33,327 - INFO - mode ALL COIN: 121 simbol (121 coin terdeteksi, emas selalu diikutkan)
2026-09-11 15:09:02,942 - INFO - mode ALL COIN: 121 simbol (121 coin terdeteksi, emas selalu diikutkan)
2026-09-11 15:09:33,231 - INFO - mode ALL COIN: 121 simbol (121 coin terdeteksi, emas selalu diikutkan)
2026-09-11 15:10:04,465 - INFO - mode ALL COIN: 121 simbol (121 coin terdeteksi, emas selalu diikutkan)
2026-09-11 15:10:35,023 - INFO - mode ALL COIN: 121 simbol (121 coin terdeteksi, emas selalu diikutkan)
2026-09-11 15:11:04,867 - INFO - mode ALL COIN: 121 simbol (121 coin terdeteksi, emas selalu diikutkan)
2026-09-11 15:11:34,467 - INFO - mode ALL COIN: 121 simbol (121 coin terdeteksi, emas selalu diikutkan)
2026-09-11 15:11:35,711 - INFO - [BE] XLMUSDT BE @ 0.1764 (1.08R)
2026-09-11 15:12:04,172 - INFO - mode ALL COIN: 121 simbol (121 coin terdeteksi, emas selalu diikutkan)
2026-09-11 15:12:34,256 - INFO - mode ALL COIN: 121 simbol (121 coin terdeteksi, emas selalu diikutkan)
2026-09-11 15:13:05,010 - INFO - mode ALL COIN: 121 simbol (121 coin terdeteksi, emas selalu diikutkan)
2026-09-11 15:13:36,873 - INFO - mode ALL COIN: 121 simbol (121 coin terdeteksi, emas selalu diikutkan)
2026-09-11 15:14:07,840 - INFO - mode ALL COIN: 121 simbol (121 coin terdeteksi, emas selalu diikutkan)
2026-09-11 15:14:38,658 - INFO - mode ALL COIN: 121 simbol (121 coin terdeteksi, emas selalu diikutkan)
2026-09-11 15:15:09,221 - INFO - mode ALL COIN: 121 simbol (121 coin terdeteksi, emas selalu diikutkan)
2026-09-11 15:15:39,763 - INFO - mode ALL COIN: 121 simbol (121 coin terdeteksi, emas selalu diikutkan)
2026-09-11 15:16:10,406 - INFO - mode ALL COIN: 121 simbol (121 coin terdeteksi, emas selalu diikutkan)
2026-09-11 15:16:41,128 - INFO - mode ALL COIN: 121 simbol (121 coin terdeteksi, emas selalu diikutkan)
2026-09-11 15:17:11,817 - INFO - mode ALL COIN: 121 simbol (121 coin terdeteksi, emas selalu diikutkan)
2026-09-11 15:17:43,257 - INFO - mode ALL COIN: 121 simbol (121 coin terdeteksi, emas selalu diikutkan)
2026-09-11 15:17:47,891 - INFO - ◈ EIGENUSDT GE-R3 LONG | 15M 3/4 · 1H +0 · 4H +0 | zona ▼D 3.6/10 @ 0.213545-0.212724 | RR 2.30
2026-09-11 15:17:47,896 - INFO - EIGENUSDT setup GE-R3 LONG zone 3.6/10 rr 2.30
2026-09-11 15:17:49,196 - INFO - ▲ LONG EIGENUSDT [GE-R3] @ 0.214 25x | 15M 3/4 3.6/10 RR 2.30 TP 0.218051 SL 0.211664
2026-09-11 15:17:49,196 - INFO - EIGENUSDT ENTRY Buy @ 0.214 25x TP 0.218051 SL 0.211664 zone 3.6/10 rr 2.30
2026-09-11 15:18:17,405 - INFO - mode ALL COIN: 121 simbol (121 coin terdeteksi, emas selalu diikutkan)
2026-09-11 15:18:19,136 - INFO - ⚠ EIGENUSDT POSISI TANPA SL — dipasang ulang @ 0.210821
2026-09-11 15:18:49,995 - INFO - mode ALL COIN: 121 simbol (121 coin terdeteksi, emas selalu diikutkan)
2026-09-11 15:19:22,291 - INFO - mode ALL COIN: 121 simbol (121 coin terdeteksi, emas selalu diikutkan)
2026-09-11 15:19:53,414 - INFO - mode ALL COIN: 121 simbol (121 coin terdeteksi, emas selalu diikutkan)
2026-09-11 15:20:24,434 - INFO - mode ALL COIN: 121 simbol (121 coin terdeteksi, emas selalu diikutkan)
2026-09-11 15:20:55,332 - INFO - mode ALL COIN: 120 simbol (120 coin terdeteksi, emas selalu diikutkan)
2026-09-11 15:21:25,848 - INFO - mode ALL COIN: 120 simbol (120 coin terdeteksi, emas selalu diikutkan)
2026-09-11 15:21:57,058 - INFO - mode ALL COIN: 120 simbol (120 coin terdeteksi, emas selalu diikutkan)
2026-09-11 15:22:29,525 - INFO - mode ALL COIN: 120 simbol (120 coin terdeteksi, emas selalu diikutkan)
2026-09-11 15:23:01,997 - INFO - mode ALL COIN: 120 simbol (120 coin terdeteksi, emas selalu diikutkan)
2026-09-11 15:23:33,504 - INFO - mode ALL COIN: 120 simbol (120 coin terdeteksi, emas selalu diikutkan)
2026-09-11 15:24:04,201 - INFO - mode ALL COIN: 120 simbol (120 coin terdeteksi, emas selalu diikutkan)
2026-09-11 15:24:34,487 - INFO - mode ALL COIN: 120 simbol (120 coin terdeteksi, emas selalu diikutkan)
2026-09-11 15:25:04,730 - INFO - mode ALL COIN: 120 simbol (120 coin terdeteksi, emas selalu diikutkan)
2026-09-11 15:25:05,853 - INFO - ■ XLMUSDT closed-ex ditutup — PnL +1.22$ (ROI +8.5%)
2026-09-11 15:25:05,854 - INFO - XLMUSDT closed-ex ditutup — PnL +1.22$ (ROI +8.5%)
2026-09-11 15:25:35,930 - INFO - mode ALL COIN: 120 simbol (120 coin terdeteksi, emas selalu diikutkan)
2026-09-11 15:26:06,479 - INFO - mode ALL COIN: 120 simbol (120 coin terdeteksi, emas selalu diikutkan)
2026-09-11 15:26:37,947 - INFO - mode ALL COIN: 120 simbol (120 coin terdeteksi, emas selalu diikutkan)
2026-09-11 15:27:08,254 - INFO - mode ALL COIN: 120 simbol (120 coin terdeteksi, emas selalu diikutkan)
2026-09-11 15:27:37,688 - INFO - mode ALL COIN: 120 simbol (120 coin terdeteksi, emas selalu diikutkan)
2026-09-11 15:28:07,170 - INFO - mode ALL COIN: 120 simbol (120 coin terdeteksi, emas selalu diikutkan)
2026-09-11 15:28:36,811 - INFO - mode ALL COIN: 120 simbol (120 coin terdeteksi, emas selalu diikutkan)
2026-09-11 15:29:07,128 - INFO - mode ALL COIN: 120 simbol (120 coin terdeteksi, emas selalu diikutkan)
2026-09-11 15:29:37,305 - INFO - mode ALL COIN: 120 simbol (120 coin terdeteksi, emas selalu diikutkan)
2026-09-11 15:30:07,293 - INFO - mode ALL COIN: 120 simbol (120 coin terdeteksi, emas selalu diikutkan)
2026-09-11 15:30:37,406 - INFO - mode ALL COIN: 120 simbol (120 coin terdeteksi, emas selalu diikutkan)
2026-09-11 15:31:06,761 - INFO - mode ALL COIN: 120 simbol (120 coin terdeteksi, emas selalu diikutkan)
2026-09-11 15:31:36,262 - INFO - mode ALL COIN: 120 simbol (120 coin terdeteksi, emas selalu diikutkan)
2026-09-11 15:32:06,187 - INFO - mode ALL COIN: 120 simbol (120 coin terdeteksi, emas selalu diikutkan)
2026-09-11 15:32:37,116 - INFO - mode ALL COIN: 120 simbol (120 coin terdeteksi, emas selalu diikutkan)
2026-09-11 15:33:07,758 - INFO - mode ALL COIN: 120 simbol (120 coin terdeteksi, emas selalu diikutkan)
2026-09-11 15:33:38,465 - INFO - mode ALL COIN: 120 simbol (120 coin terdeteksi, emas selalu diikutkan)
2026-09-11 15:34:08,224 - INFO - mode ALL COIN: 120 simbol (120 coin terdeteksi, emas selalu diikutkan)
2026-09-11 15:34:37,905 - INFO - mode ALL COIN: 120 simbol (120 coin terdeteksi, emas selalu diikutkan)
2026-09-11 15:35:07,865 - INFO - mode ALL COIN: 120 simbol (120 coin terdeteksi, emas selalu diikutkan)
2026-09-11 15:35:38,391 - INFO - mode ALL COIN: 120 simbol (120 coin terdeteksi, emas selalu diikutkan)
2026-09-11 15:36:09,584 - INFO - mode ALL COIN: 120 simbol (120 coin terdeteksi, emas selalu diikutkan)
2026-09-11 15:36:41,698 - INFO - mode ALL COIN: 120 simbol (120 coin terdeteksi, emas selalu diikutkan)
2026-09-11 15:37:13,531 - INFO - mode ALL COIN: 120 simbol (120 coin terdeteksi, emas selalu diikutkan)
2026-09-11 15:37:44,434 - INFO - mode ALL COIN: 120 simbol (120 coin terdeteksi, emas selalu diikutkan)
2026-09-11 15:38:14,979 - INFO - mode ALL COIN: 120 simbol (120 coin terdeteksi, emas selalu diikutkan)
2026-09-11 15:38:45,374 - INFO - mode ALL COIN: 121 simbol (121 coin terdeteksi, emas selalu diikutkan)
2026-09-11 15:39:15,677 - INFO - mode ALL COIN: 121 simbol (121 coin terdeteksi, emas selalu diikutkan)
2026-09-11 15:39:45,859 - INFO - mode ALL COIN: 121 simbol (121 coin terdeteksi, emas selalu diikutkan)
2026-09-11 15:40:16,788 - INFO - mode ALL COIN: 121 simbol (121 coin terdeteksi, emas selalu diikutkan)
2026-09-11 15:40:48,155 - INFO - mode ALL COIN: 121 simbol (121 coin terdeteksi, emas selalu diikutkan)
2026-09-11 15:41:19,353 - INFO - mode ALL COIN: 121 simbol (121 coin terdeteksi, emas selalu diikutkan)
2026-09-11 15:41:49,853 - INFO - mode ALL COIN: 121 simbol (121 coin terdeteksi, emas selalu diikutkan)
2026-09-11 15:42:19,579 - INFO - mode ALL COIN: 121 simbol (121 coin terdeteksi, emas selalu diikutkan)
2026-09-11 15:42:48,585 - INFO - mode ALL COIN: 121 simbol (121 coin terdeteksi, emas selalu diikutkan)
2026-09-11 15:43:18,237 - INFO - mode ALL COIN: 121 simbol (121 coin terdeteksi, emas selalu diikutkan)
2026-09-11 15:43:48,270 - INFO - mode ALL COIN: 121 simbol (121 coin terdeteksi, emas selalu diikutkan)
2026-09-11 15:44:19,222 - INFO - mode ALL COIN: 121 simbol (121 coin terdeteksi, emas selalu diikutkan)
2026-09-11 15:44:49,892 - INFO - mode ALL COIN: 121 simbol (121 coin terdeteksi, emas selalu diikutkan)
2026-09-11 15:45:19,575 - INFO - mode ALL COIN: 121 simbol (121 coin terdeteksi, emas selalu diikutkan)
2026-09-11 15:45:48,605 - INFO - mode ALL COIN: 121 simbol (121 coin terdeteksi, emas selalu diikutkan)
2026-09-11 15:45:54,247 - INFO - ◈ BIRBUSDT GE-R3 LONG | 15M 3/4 · 1H +0 · 4H +0 | zona ▼D 7.5/10 @ 0.0652333-0.0645979 | RR 3.52
2026-09-11 15:45:54,247 - INFO - BIRBUSDT setup GE-R3 LONG zone 7.5/10 rr 3.52
2026-09-11 15:45:54,264 - INFO - ⊘ BIRBUSDT min-qty memaksa risiko $2.80 > cap — di-skip (retry 30m)
2026-09-11 15:46:17,598 - INFO - mode ALL COIN: 121 simbol (121 coin terdeteksi, emas selalu diikutkan)
2026-09-11 15:46:24,924 - INFO - ◈ AAPLUSDT GE-R3 LONG | 15M 3/4 · 1H +1 · 4H +1 | zona ▼D 6.7/10 @ 325.38-325.087 | RR 2.07
2026-09-11 15:46:24,924 - INFO - AAPLUSDT setup GE-R3 LONG zone 6.7/10 rr 2.07
2026-09-11 15:46:24,963 - INFO - AAPLUSDT lev 25x (std ALT 25x · akun real · REAL=DEMO)
2026-09-11 15:46:24,984 - ERROR - order AAPLUSDT: You must sign the required agreement before trading this contract. (ErrCode: 110126) (ErrTime: 08:46:24).
Request → POST https://api.bybit.com/v5/order/create: {"category": "linear", "symbol": "AAPLUSDT", "side": "Buy", "orderType": "Market", "qty": "1.09", "timeInForce": "GTC", "positionIdx": 0}.
2026-09-11 15:46:24,984 - INFO - ✖ AAPLUSDT order Market DITOLAK bursa — You must sign the required agreement before trading this contract. (ErrCode: 110126) (ErrTime: 08:46:24).
Request → POST https://api.bybit.com/v5/order/create: {"category": "linear", "symbol": "AAPLUSDT", "side": "Buy", "orderType": "Market", "qty": "1.09", "timeInForce": "GTC", "positionIdx": 0}..
2026-09-11 15:46:47,337 - INFO - mode ALL COIN: 121 simbol (121 coin terdeteksi, emas selalu diikutkan)
2026-09-11 15:47:17,779 - INFO - mode ALL COIN: 121 simbol (121 coin terdeteksi, emas selalu diikutkan)
2026-09-11 15:47:48,691 - INFO - mode ALL COIN: 121 simbol (121 coin terdeteksi, emas selalu diikutkan)
2026-09-11 15:48:18,874 - INFO - mode ALL COIN: 121 simbol (121 coin terdeteksi, emas selalu diikutkan)
2026-09-11 15:48:48,332 - INFO - mode ALL COIN: 121 simbol (121 coin terdeteksi, emas selalu diikutkan)
2026-09-11 15:48:52,558 - INFO - ◈ SAMSUNGUSDT GE-R3 SHORT | 15M 3/4 · 1H +0 · 4H +0 | zona ▲S 4.6/10 @ 194.87-194.486 | RR 2.92
2026-09-11 15:48:52,558 - INFO - SAMSUNGUSDT setup GE-R3 SHORT zone 4.6/10 rr 2.92
2026-09-11 15:48:52,598 - INFO - SAMSUNGUSDT lev 25x (std ALT 25x · akun real · REAL=DEMO)
2026-09-11 15:48:52,608 - ERROR - order SAMSUNGUSDT: You must sign the required agreement before trading this contract. (ErrCode: 110126) (ErrTime: 08:48:52).
Request → POST https://api.bybit.com/v5/order/create: {"category": "linear", "symbol": "SAMSUNGUSDT", "side": "Sell", "orderType": "Market", "qty": "1.83", "timeInForce": "GTC", "positionIdx": 0}.
2026-09-11 15:48:52,608 - INFO - ✖ SAMSUNGUSDT order Market DITOLAK bursa — You must sign the required agreement before trading this contract. (ErrCode: 110126) (ErrTime: 08:48:52).
Request → POST https://api.bybit.com/v5/order/create: {"category": "linear", "symbol": "SAMSUNGUSDT", "side": "Sell", "orderType": "Market", "qty": "1.83", "timeInForce": "GTC", "positionIdx": 0}..
2026-09-11 15:49:17,556 - INFO - mode ALL COIN: 121 simbol (121 coin terdeteksi, emas selalu diikutkan)
2026-09-11 15:49:47,514 - INFO - mode ALL COIN: 121 simbol (121 coin terdeteksi, emas selalu diikutkan)
2026-09-11 15:50:18,086 - INFO - mode ALL COIN: 121 simbol (121 coin terdeteksi, emas selalu diikutkan)
2026-09-11 15:50:49,676 - INFO - mode ALL COIN: 121 simbol (121 coin terdeteksi, emas selalu diikutkan)
2026-09-11 15:51:20,297 - INFO - mode ALL COIN: 121 simbol (121 coin terdeteksi, emas selalu diikutkan)
2026-09-11 15:51:50,694 - INFO - mode ALL COIN: 121 simbol (121 coin terdeteksi, emas selalu diikutkan)
2026-09-11 15:52:21,340 - INFO - mode ALL COIN: 121 simbol (121 coin terdeteksi, emas selalu diikutkan)
2026-09-11 15:52:52,291 - INFO - mode ALL COIN: 121 simbol (121 coin terdeteksi, emas selalu diikutkan)
2026-09-11 15:53:23,682 - INFO - mode ALL COIN: 120 simbol (120 coin terdeteksi, emas selalu diikutkan)
2026-09-11 15:53:55,349 - INFO - mode ALL COIN: 120 simbol (120 coin terdeteksi, emas selalu diikutkan)
2026-09-11 15:54:25,616 - INFO - mode ALL COIN: 120 simbol (120 coin terdeteksi, emas selalu diikutkan)
2026-09-11 15:54:55,757 - INFO - mode ALL COIN: 120 simbol (120 coin terdeteksi, emas selalu diikutkan)
2026-09-11 15:55:25,577 - INFO - mode ALL COIN: 120 simbol (120 coin terdeteksi, emas selalu diikutkan)
2026-09-11 15:55:55,398 - INFO - mode ALL COIN: 120 simbol (120 coin terdeteksi, emas selalu diikutkan)
2026-09-11 15:56:25,854 - INFO - mode ALL COIN: 120 simbol (120 coin terdeteksi, emas selalu diikutkan)
2026-09-11 15:56:56,423 - INFO - mode ALL COIN: 120 simbol (120 coin terdeteksi, emas selalu diikutkan)
2026-09-11 15:57:27,718 - INFO - mode ALL COIN: 120 simbol (120 coin terdeteksi, emas selalu diikutkan)
2026-09-11 15:57:57,151 - INFO - mode ALL COIN: 119 simbol (119 coin terdeteksi, emas selalu diikutkan)
2026-09-11 15:58:26,198 - INFO - mode ALL COIN: 119 simbol (119 coin terdeteksi, emas selalu diikutkan)
2026-09-11 15:58:55,630 - INFO - mode ALL COIN: 119 simbol (119 coin terdeteksi, emas selalu diikutkan)
2026-09-11 15:59:25,993 - INFO - mode ALL COIN: 119 simbol (119 coin terdeteksi, emas selalu diikutkan)
2026-09-11 15:59:56,856 - INFO - mode ALL COIN: 119 simbol (119 coin terdeteksi, emas selalu diikutkan)
2026-09-11 16:00:27,359 - INFO - mode ALL COIN: 119 simbol (119 coin terdeteksi, emas selalu diikutkan)
2026-09-11 16:00:56,426 - INFO - mode ALL COIN: 119 simbol (119 coin terdeteksi, emas selalu diikutkan)
2026-09-11 16:01:25,362 - INFO - mode ALL COIN: 119 simbol (119 coin terdeteksi, emas selalu diikutkan)
2026-09-11 16:01:55,759 - INFO - mode ALL COIN: 119 simbol (119 coin terdeteksi, emas selalu diikutkan)
2026-09-11 16:02:01,459 - INFO - ◈ HYPEUSDT GE-R3 SHORT | 15M 3/4 · 1H +0 · 4H +0 | zona ▲S 3.5/10 @ 80.6042-80.4034 | RR 1.48
2026-09-11 16:02:01,459 - INFO - HYPEUSDT setup GE-R3 SHORT zone 3.5/10 rr 1.48
2026-09-11 16:02:26,389 - INFO - mode ALL COIN: 119 simbol (119 coin terdeteksi, emas selalu diikutkan)
2026-09-11 16:02:35,132 - INFO - ◈ TAOUSDT GE-R3 SHORT | 15M 4/4 · 1H +0 · 4H +0 | zona ▲S 7.2/10 @ 238.669-238.27 | RR 1.64
2026-09-11 16:02:35,132 - INFO - TAOUSDT setup GE-R3 SHORT zone 7.2/10 rr 1.64
2026-09-11 16:02:35,174 - INFO - TAOUSDT lev 25x (std ALT 25x · akun real · REAL=DEMO)
2026-09-11 16:02:36,438 - INFO - ▼ SHORT TAOUSDT [GE-R3] @ 237.456 25x | 15M 4/4 7.2/10 RR 1.64 TP 234.326 SL 239.664
2026-09-11 16:02:36,438 - INFO - TAOUSDT ENTRY Sell @ 237.456 25x TP 234.326 SL 239.664 zone 7.2/10 rr 1.64
2026-09-11 16:02:59,169 - INFO - mode ALL COIN: 119 simbol (119 coin terdeteksi, emas selalu diikutkan)
2026-09-11 16:03:00,285 - INFO - ⚠ TAOUSDT POSISI TANPA SL — dipasang ulang @ 240.439
2026-09-11 16:03:29,819 - INFO - mode ALL COIN: 119 simbol (119 coin terdeteksi, emas selalu diikutkan)
2026-09-11 16:03:37,017 - INFO - ◈ MSTRUSDT GE-R3 SHORT | 15M 3/4 · 1H +0 · 4H +0 | zona ▲S 5.0/10 @ 130.3-130.009 | RR 1.94
2026-09-11 16:03:37,018 - INFO - MSTRUSDT setup GE-R3 SHORT zone 5.0/10 rr 1.94
2026-09-11 16:03:37,018 - INFO - ⊘ MSTRUSDT slot penuh 3/3
2026-09-11 16:03:59,834 - INFO - mode ALL COIN: 119 simbol (119 coin terdeteksi, emas selalu diikutkan)
2026-09-11 16:04:29,987 - INFO - mode ALL COIN: 119 simbol (119 coin terdeteksi, emas selalu diikutkan)
2026-09-11 16:05:01,126 - INFO - mode ALL COIN: 119 simbol (119 coin terdeteksi, emas selalu diikutkan)
2026-09-11 16:05:32,611 - INFO - mode ALL COIN: 119 simbol (119 coin terdeteksi, emas selalu diikutkan)
2026-09-11 16:06:03,838 - INFO - mode ALL COIN: 119 simbol (119 coin terdeteksi, emas selalu diikutkan)
2026-09-11 16:06:34,722 - INFO - mode ALL COIN: 119 simbol (119 coin terdeteksi, emas selalu diikutkan)
2026-09-11 16:07:05,283 - INFO - mode ALL COIN: 119 simbol (119 coin terdeteksi, emas selalu diikutkan)
2026-09-11 16:07:35,869 - INFO - mode ALL COIN: 119 simbol (119 coin terdeteksi, emas selalu diikutkan)
2026-09-11 16:08:07,107 - INFO - mode ALL COIN: 119 simbol (119 coin terdeteksi, emas selalu diikutkan)
2026-09-11 16:08:39,184 - INFO - mode ALL COIN: 119 simbol (119 coin terdeteksi, emas selalu diikutkan)
2026-09-11 16:09:11,836 - INFO - mode ALL COIN: 119 simbol (119 coin terdeteksi, emas selalu diikutkan)
2026-09-11 16:09:43,133 - INFO - mode ALL COIN: 119 simbol (119 coin terdeteksi, emas selalu diikutkan)
2026-09-11 16:10:13,633 - INFO - mode ALL COIN: 119 simbol (119 coin terdeteksi, emas selalu diikutkan)
2026-09-11 16:10:44,648 - INFO - mode ALL COIN: 119 simbol (119 coin terdeteksi, emas selalu diikutkan)
2026-09-11 16:11:15,911 - INFO - mode ALL COIN: 119 simbol (119 coin terdeteksi, emas selalu diikutkan)
2026-09-11 16:11:47,782 - INFO - mode ALL COIN: 119 simbol (119 coin terdeteksi, emas selalu diikutkan)
2026-09-11 16:12:20,432 - INFO - mode ALL COIN: 119 simbol (119 coin terdeteksi, emas selalu diikutkan)
2026-09-11 16:12:52,975 - INFO - mode ALL COIN: 119 simbol (119 coin terdeteksi, emas selalu diikutkan)
2026-09-11 16:12:53,654 - INFO - [BE] ENAUSDT BE @ 0.145522 (1.09R)
2026-09-11 16:13:25,218 - INFO - mode ALL COIN: 119 simbol (119 coin terdeteksi, emas selalu diikutkan)
2026-09-11 16:13:56,262 - INFO - mode ALL COIN: 119 simbol (119 coin terdeteksi, emas selalu diikutkan)
2026-09-11 16:14:27,583 - INFO - mode ALL COIN: 119 simbol (119 coin terdeteksi, emas selalu diikutkan)
2026-09-11 16:14:58,889 - INFO - mode ALL COIN: 119 simbol (119 coin terdeteksi, emas selalu diikutkan)
2026-09-11 16:15:30,451 - INFO - mode ALL COIN: 119 simbol (119 coin terdeteksi, emas selalu diikutkan)
2026-09-11 16:16:02,493 - INFO - mode ALL COIN: 119 simbol (119 coin terdeteksi, emas selalu diikutkan)
2026-09-11 16:16:35,358 - INFO - mode ALL COIN: 119 simbol (119 coin terdeteksi, emas selalu diikutkan)
2026-09-11 16:17:07,623 - INFO - mode ALL COIN: 119 simbol (119 coin terdeteksi, emas selalu diikutkan)
2026-09-11 16:17:38,517 - INFO - mode ALL COIN: 119 simbol (119 coin terdeteksi, emas selalu diikutkan)
2026-09-11 16:18:08,629 - INFO - mode ALL COIN: 119 simbol (119 coin terdeteksi, emas selalu diikutkan)
2026-09-11 16:18:39,469 - INFO - mode ALL COIN: 119 simbol (119 coin terdeteksi, emas selalu diikutkan)
2026-09-11 16:19:10,559 - INFO - mode ALL COIN: 119 simbol (119 coin terdeteksi, emas selalu diikutkan)
2026-09-11 16:19:42,394 - INFO - mode ALL COIN: 119 simbol (119 coin terdeteksi, emas selalu diikutkan)
2026-09-11 16:20:14,765 - INFO - mode ALL COIN: 119 simbol (119 coin terdeteksi, emas selalu diikutkan)
2026-09-11 16:20:46,150 - INFO - mode ALL COIN: 119 simbol (119 coin terdeteksi, emas selalu diikutkan)
2026-09-11 16:21:16,946 - INFO - mode ALL COIN: 119 simbol (119 coin terdeteksi, emas selalu diikutkan)
2026-09-11 16:21:46,695 - INFO - mode ALL COIN: 119 simbol (119 coin terdeteksi, emas selalu diikutkan)
2026-09-11 16:22:16,492 - INFO - mode ALL COIN: 119 simbol (119 coin terdeteksi, emas selalu diikutkan)
2026-09-11 16:22:47,573 - INFO - mode ALL COIN: 119 simbol (119 coin terdeteksi, emas selalu diikutkan)
2026-09-11 16:23:19,466 - INFO - mode ALL COIN: 119 simbol (119 coin terdeteksi, emas selalu diikutkan)
2026-09-11 16:23:51,172 - INFO - mode ALL COIN: 119 simbol (119 coin terdeteksi, emas selalu diikutkan)
2026-09-11 16:24:21,711 - INFO - mode ALL COIN: 119 simbol (119 coin terdeteksi, emas selalu diikutkan)
2026-09-11 16:24:51,366 - INFO - mode ALL COIN: 119 simbol (119 coin terdeteksi, emas selalu diikutkan)
2026-09-11 16:25:21,031 - INFO - mode ALL COIN: 119 simbol (119 coin terdeteksi, emas selalu diikutkan)
2026-09-11 16:25:51,704 - INFO - mode ALL COIN: 119 simbol (119 coin terdeteksi, emas selalu diikutkan)
2026-09-11 16:26:23,090 - INFO - mode ALL COIN: 119 simbol (119 coin terdeteksi, emas selalu diikutkan)
2026-09-11 16:26:54,347 - INFO - mode ALL COIN: 119 simbol (119 coin terdeteksi, emas selalu diikutkan)
2026-09-11 16:27:24,598 - INFO - mode ALL COIN: 119 simbol (119 coin terdeteksi, emas selalu diikutkan)
2026-09-11 16:27:54,610 - INFO - mode ALL COIN: 119 simbol (119 coin terdeteksi, emas selalu diikutkan)
2026-09-11 16:28:24,790 - INFO - mode ALL COIN: 119 simbol (119 coin terdeteksi, emas selalu diikutkan)
2026-09-11 16:28:55,431 - INFO - mode ALL COIN: 119 simbol (119 coin terdeteksi, emas selalu diikutkan)
2026-09-11 16:29:26,374 - INFO - mode ALL COIN: 119 simbol (119 coin terdeteksi, emas selalu diikutkan)
2026-09-11 16:29:56,647 - INFO - mode ALL COIN: 118 simbol (118 coin terdeteksi, emas selalu diikutkan)
2026-09-11 16:30:26,612 - INFO - mode ALL COIN: 118 simbol (118 coin terdeteksi, emas selalu diikutkan)
2026-09-11 16:30:56,647 - INFO - mode ALL COIN: 118 simbol (118 coin terdeteksi, emas selalu diikutkan)
2026-09-11 16:31:04,334 - INFO - ◈ DOTUSDT GE-R3 LONG | 15M 3/4 · 1H +0 · 4H +0 | zona ▼D 7.4/10 @ 1.11265-1.10572 | RR 4.02
2026-09-11 16:31:04,334 - INFO - DOTUSDT setup GE-R3 LONG zone 7.4/10 rr 4.02
2026-09-11 16:31:04,334 - INFO - ⊘ DOTUSDT slot penuh 3/3
2026-09-11 16:31:27,169 - INFO - mode ALL COIN: 117 simbol (117 coin terdeteksi, emas selalu diikutkan)
2026-09-11 16:31:58,415 - INFO - mode ALL COIN: 117 simbol (117 coin terdeteksi, emas selalu diikutkan)
2026-09-11 16:32:29,265 - INFO - mode ALL COIN: 117 simbol (117 coin terdeteksi, emas selalu diikutkan)
2026-09-11 16:32:59,454 - INFO - mode ALL COIN: 117 simbol (117 coin terdeteksi, emas selalu diikutkan)
2026-09-11 16:33:02,621 - INFO - ◈ BLASTUSDT GE-R3 LONG | 15M 3/4 · 1H -1 · 4H +0 | zona ▼D 5.2/10 @ 0.0003228-0.000322222 | RR 4.00
2026-09-11 16:33:02,621 - INFO - BLASTUSDT setup GE-R3 LONG zone 5.2/10 rr 4.00
2026-09-11 16:33:02,621 - INFO - ⊘ BLASTUSDT slot penuh 3/3
2026-09-11 16:33:29,494 - INFO - mode ALL COIN: 117 simbol (117 coin terdeteksi, emas selalu diikutkan)
2026-09-11 16:33:59,030 - INFO - mode ALL COIN: 117 simbol (117 coin terdeteksi, emas selalu diikutkan)
2026-09-11 16:34:29,638 - INFO - mode ALL COIN: 117 simbol (117 coin terdeteksi, emas selalu diikutkan)
2026-09-11 16:35:01,080 - INFO - mode ALL COIN: 117 simbol (117 coin terdeteksi, emas selalu diikutkan)
2026-09-11 16:35:32,539 - INFO - mode ALL COIN: 117 simbol (117 coin terdeteksi, emas selalu diikutkan)
2026-09-11 16:35:33,636 - INFO - [BE] TAOUSDT BE @ 237.052 (1.08R)
2026-09-11 16:36:03,153 - INFO - mode ALL COIN: 117 simbol (117 coin terdeteksi, emas selalu diikutkan)
2026-09-11 16:36:32,798 - INFO - mode ALL COIN: 117 simbol (117 coin terdeteksi, emas selalu diikutkan)
2026-09-11 16:36:33,874 - INFO - ◆ TAOUSDT TP1 234.326 tercapai — 0.653 ditutup (+2.04$ terkunci) → RIDE aktif
2026-09-11 16:36:33,886 - ERROR - ride TAOUSDT: not modified (ErrCode: 34040) (ErrTime: 09:36:33).
Request → POST https://api.bybit.com/v5/position/trading-stop: {"category": "linear", "symbol": "TAOUSDT", "stopLoss": "237.0523125708", "positionIdx": 0}.
2026-09-11 16:37:02,303 - INFO - mode ALL COIN: 117 simbol (117 coin terdeteksi, emas selalu diikutkan)
2026-09-11 16:37:32,642 - INFO - mode ALL COIN: 117 simbol (117 coin terdeteksi, emas selalu diikutkan)
2026-09-11 16:37:33,366 - INFO - ◆ ENAUSDT TP1 0.143366 tercapai — 819 ditutup (+1.97$ terkunci) → RIDE aktif
2026-09-11 16:37:33,385 - ERROR - ride ENAUSDT: not modified (ErrCode: 34040) (ErrTime: 09:37:33).
Request → POST https://api.bybit.com/v5/position/trading-stop: {"category": "linear", "symbol": "ENAUSDT", "stopLoss": "0.145522191", "positionIdx": 0}.
2026-09-11 16:38:04,614 - INFO - mode ALL COIN: 118 simbol (118 coin terdeteksi, emas selalu diikutkan)
2026-09-11 16:38:35,907 - INFO - mode ALL COIN: 118 simbol (118 coin terdeteksi, emas selalu diikutkan)
2026-09-11 16:39:06,558 - INFO - mode ALL COIN: 118 simbol (118 coin terdeteksi, emas selalu diikutkan)
2026-09-11 16:39:36,537 - INFO - mode ALL COIN: 118 simbol (118 coin terdeteksi, emas selalu diikutkan)
2026-09-11 16:40:06,819 - INFO - mode ALL COIN: 118 simbol (118 coin terdeteksi, emas selalu diikutkan)
2026-09-11 16:40:36,747 - INFO - mode ALL COIN: 118 simbol (118 coin terdeteksi, emas selalu diikutkan)
2026-09-11 16:40:38,127 - INFO - » TAOUSDT trailing @ 2.05R
2026-09-11 16:40:38,138 - INFO - ◆ TAOUSDT TP2 233.307 tercapai — sisa ditutup (RIDE selesai)
2026-09-11 16:41:09,645 - INFO - mode ALL COIN: 118 simbol (118 coin terdeteksi, emas selalu diikutkan)
2026-09-11 16:41:41,473 - INFO - mode ALL COIN: 118 simbol (118 coin terdeteksi, emas selalu diikutkan)
2026-09-11 16:41:42,557 - INFO - ■ TAOUSDT closed-ex ditutup — PnL +5.00$ (ROI +40.3%)
2026-09-11 16:41:42,557 - INFO - TAOUSDT closed-ex ditutup — PnL +5.00$ (ROI +40.3%)
2026-09-11 16:42:13,010 - INFO - mode ALL COIN: 118 simbol (118 coin terdeteksi, emas selalu diikutkan)
2026-09-11 16:42:42,879 - INFO - mode ALL COIN: 118 simbol (118 coin terdeteksi, emas selalu diikutkan)
2026-09-11 16:43:12,770 - INFO - mode ALL COIN: 118 simbol (118 coin terdeteksi, emas selalu diikutkan)
2026-09-11 16:43:43,332 - INFO - mode ALL COIN: 118 simbol (118 coin terdeteksi, emas selalu diikutkan)
2026-09-11 16:44:14,571 - INFO - mode ALL COIN: 118 simbol (118 coin terdeteksi, emas selalu diikutkan)
2026-09-11 16:44:46,136 - INFO - mode ALL COIN: 118 simbol (118 coin terdeteksi, emas selalu diikutkan)
2026-09-11 16:45:16,770 - INFO - mode ALL COIN: 118 simbol (118 coin terdeteksi, emas selalu diikutkan)
2026-09-11 16:45:47,353 - INFO - mode ALL COIN: 118 simbol (118 coin terdeteksi, emas selalu diikutkan)
2026-09-11 16:46:18,037 - INFO - mode ALL COIN: 118 simbol (118 coin terdeteksi, emas selalu diikutkan)
2026-09-11 16:46:48,835 - INFO - mode ALL COIN: 118 simbol (118 coin terdeteksi, emas selalu diikutkan)
2026-09-11 16:47:20,128 - INFO - mode ALL COIN: 118 simbol (118 coin terdeteksi, emas selalu diikutkan)
2026-09-11 16:47:51,893 - INFO - mode ALL COIN: 118 simbol (118 coin terdeteksi, emas selalu diikutkan)
2026-09-11 16:48:22,702 - INFO - mode ALL COIN: 118 simbol (118 coin terdeteksi, emas selalu diikutkan)
2026-09-11 16:48:53,672 - INFO - mode ALL COIN: 118 simbol (118 coin terdeteksi, emas selalu diikutkan)
2026-09-11 16:49:22,856 - INFO - mode ALL COIN: 118 simbol (118 coin terdeteksi, emas selalu diikutkan)
2026-09-11 16:49:52,322 - INFO - mode ALL COIN: 118 simbol (118 coin terdeteksi, emas selalu diikutkan)
2026-09-11 16:50:22,233 - INFO - mode ALL COIN: 118 simbol (118 coin terdeteksi, emas selalu diikutkan)
2026-09-11 16:50:52,665 - INFO - mode ALL COIN: 118 simbol (118 coin terdeteksi, emas selalu diikutkan)
2026-09-11 16:51:23,417 - INFO - mode ALL COIN: 118 simbol (118 coin terdeteksi, emas selalu diikutkan)
2026-09-11 16:51:53,855 - INFO - mode ALL COIN: 118 simbol (118 coin terdeteksi, emas selalu diikutkan)
2026-09-11 16:52:22,393 - INFO - mode ALL COIN: 118 simbol (118 coin terdeteksi, emas selalu diikutkan)
2026-09-11 16:52:51,840 - INFO - mode ALL COIN: 118 simbol (118 coin terdeteksi, emas selalu diikutkan)
2026-09-11 16:53:21,480 - INFO - mode ALL COIN: 118 simbol (118 coin terdeteksi, emas selalu diikutkan)
2026-09-11 16:53:52,096 - INFO - mode ALL COIN: 118 simbol (118 coin terdeteksi, emas selalu diikutkan)
2026-09-11 16:54:22,699 - INFO - mode ALL COIN: 118 simbol (118 coin terdeteksi, emas selalu diikutkan)
2026-09-11 16:54:52,798 - INFO - mode ALL COIN: 118 simbol (118 coin terdeteksi, emas selalu diikutkan)
2026-09-11 16:55:22,206 - INFO - mode ALL COIN: 118 simbol (118 coin terdeteksi, emas selalu diikutkan)
2026-09-11 16:55:51,325 - INFO - mode ALL COIN: 118 simbol (118 coin terdeteksi, emas selalu diikutkan)
2026-09-11 16:56:21,720 - INFO - mode ALL COIN: 119 simbol (119 coin terdeteksi, emas selalu diikutkan)
2026-09-11 16:56:52,759 - INFO - mode ALL COIN: 119 simbol (119 coin terdeteksi, emas selalu diikutkan)
2026-09-11 16:57:24,518 - INFO - mode ALL COIN: 119 simbol (119 coin terdeteksi, emas selalu diikutkan)
2026-09-11 16:57:55,255 - INFO - mode ALL COIN: 119 simbol (119 coin terdeteksi, emas selalu diikutkan)
2026-09-11 16:58:25,804 - INFO - mode ALL COIN: 119 simbol (119 coin terdeteksi, emas selalu diikutkan)
2026-09-11 16:58:56,089 - INFO - mode ALL COIN: 119 simbol (119 coin terdeteksi, emas selalu diikutkan)
2026-09-11 16:59:26,677 - INFO - mode ALL COIN: 119 simbol (119 coin terdeteksi, emas selalu diikutkan)
2026-09-11 16:59:57,081 - INFO - mode ALL COIN: 119 simbol (119 coin terdeteksi, emas selalu diikutkan)
2026-09-11 17:00:07,970 - ERROR - Too many visits. Exceeded the API Rate Limit. (ErrCode: 10006). Hit the API rate limit on https://api.bybit.com/v5/market/kline?category=linear&interval=60&limit=500&symbol=VETUSDT. Sleeping then trying again.
2026-09-11 17:00:07,970 - ERROR - API rate limit will reset at 18:00:09.970. Sleeping for 2000 ms. Retrying...
2026-09-11 17:00:31,052 - INFO - mode ALL COIN: 118 simbol (118 coin terdeteksi, emas selalu diikutkan)
2026-09-11 17:01:02,555 - INFO - mode ALL COIN: 118 simbol (118 coin terdeteksi, emas selalu diikutkan)
2026-09-11 17:01:34,589 - INFO - mode ALL COIN: 118 simbol (118 coin terdeteksi, emas selalu diikutkan)
2026-09-11 17:02:05,183 - INFO - mode ALL COIN: 118 simbol (118 coin terdeteksi, emas selalu diikutkan)
2026-09-11 17:02:35,368 - INFO - mode ALL COIN: 118 simbol (118 coin terdeteksi, emas selalu diikutkan)
2026-09-11 17:03:05,361 - INFO - mode ALL COIN: 118 simbol (118 coin terdeteksi, emas selalu diikutkan)
2026-09-11 17:03:35,568 - INFO - mode ALL COIN: 118 simbol (118 coin terdeteksi, emas selalu diikutkan)
2026-09-11 17:04:05,486 - INFO - mode ALL COIN: 118 simbol (118 coin terdeteksi, emas selalu diikutkan)
2026-09-11 17:04:36,443 - INFO - mode ALL COIN: 118 simbol (118 coin terdeteksi, emas selalu diikutkan)
2026-09-11 17:05:06,502 - INFO - mode ALL COIN: 118 simbol (118 coin terdeteksi, emas selalu diikutkan)
2026-09-11 17:05:35,882 - INFO - mode ALL COIN: 118 simbol (118 coin terdeteksi, emas selalu diikutkan)
2026-09-11 17:06:05,393 - INFO - mode ALL COIN: 118 simbol (118 coin terdeteksi, emas selalu diikutkan)
2026-09-11 17:06:35,458 - INFO - mode ALL COIN: 118 simbol (118 coin terdeteksi, emas selalu diikutkan)
2026-09-11 17:07:06,381 - INFO - mode ALL COIN: 117 simbol (117 coin terdeteksi, emas selalu diikutkan)
2026-09-11 17:07:36,661 - INFO - mode ALL COIN: 117 simbol (117 coin terdeteksi, emas selalu diikutkan)
2026-09-11 17:08:06,406 - INFO - mode ALL COIN: 117 simbol (117 coin terdeteksi, emas selalu diikutkan)
2026-09-11 17:08:35,712 - INFO - mode ALL COIN: 117 simbol (117 coin terdeteksi, emas selalu diikutkan)
2026-09-11 17:09:05,212 - INFO - mode ALL COIN: 117 simbol (117 coin terdeteksi, emas selalu diikutkan)
2026-09-11 17:09:34,674 - INFO - mode ALL COIN: 117 simbol (117 coin terdeteksi, emas selalu diikutkan)
2026-09-11 17:10:04,506 - INFO - mode ALL COIN: 117 simbol (117 coin terdeteksi, emas selalu diikutkan)
2026-09-11 17:10:35,287 - INFO - mode ALL COIN: 117 simbol (117 coin terdeteksi, emas selalu diikutkan)
2026-09-11 17:11:06,540 - INFO - mode ALL COIN: 117 simbol (117 coin terdeteksi, emas selalu diikutkan)
2026-09-11 17:11:36,842 - INFO - mode ALL COIN: 117 simbol (117 coin terdeteksi, emas selalu diikutkan)
2026-09-11 17:12:07,335 - INFO - mode ALL COIN: 117 simbol (117 coin terdeteksi, emas selalu diikutkan)
2026-09-11 17:12:36,998 - INFO - mode ALL COIN: 117 simbol (117 coin terdeteksi, emas selalu diikutkan)
2026-09-11 17:13:07,327 - INFO - mode ALL COIN: 117 simbol (117 coin terdeteksi, emas selalu diikutkan)
2026-09-11 17:13:37,923 - INFO - mode ALL COIN: 117 simbol (117 coin terdeteksi, emas selalu diikutkan)
2026-09-11 17:14:08,690 - INFO - mode ALL COIN: 117 simbol (117 coin terdeteksi, emas selalu diikutkan)
2026-09-11 17:14:39,348 - INFO - mode ALL COIN: 117 simbol (117 coin terdeteksi, emas selalu diikutkan)
2026-09-11 17:15:10,491 - INFO - mode ALL COIN: 117 simbol (117 coin terdeteksi, emas selalu diikutkan)
2026-09-11 17:15:15,249 - ERROR - Too many visits. Exceeded the API Rate Limit. (ErrCode: 10006). Hit the API rate limit on https://api.bybit.com/v5/market/kline?category=linear&interval=15&limit=500&symbol=ORCLUSDT. Sleeping then trying again.
2026-09-11 17:15:15,249 - ERROR - API rate limit will reset at 18:15:17.249. Sleeping for 2000 ms. Retrying...
2026-09-11 17:15:43,210 - INFO - mode ALL COIN: 117 simbol (117 coin terdeteksi, emas selalu diikutkan)
2026-09-11 17:16:15,064 - INFO - mode ALL COIN: 117 simbol (117 coin terdeteksi, emas selalu diikutkan)
2026-09-11 17:16:46,613 - INFO - mode ALL COIN: 117 simbol (117 coin terdeteksi, emas selalu diikutkan)
2026-09-11 17:17:18,372 - INFO - mode ALL COIN: 117 simbol (117 coin terdeteksi, emas selalu diikutkan)
2026-09-11 17:17:49,504 - INFO - mode ALL COIN: 117 simbol (117 coin terdeteksi, emas selalu diikutkan)
2026-09-11 17:18:19,390 - INFO - mode ALL COIN: 117 simbol (117 coin terdeteksi, emas selalu diikutkan)
2026-09-11 17:18:49,177 - INFO - mode ALL COIN: 117 simbol (117 coin terdeteksi, emas selalu diikutkan)
2026-09-11 17:19:17,744 - INFO - mode ALL COIN: 117 simbol (117 coin terdeteksi, emas selalu diikutkan)
2026-09-11 17:19:47,565 - INFO - mode ALL COIN: 117 simbol (117 coin terdeteksi, emas selalu diikutkan)
2026-09-11 17:20:17,463 - INFO - mode ALL COIN: 117 simbol (117 coin terdeteksi, emas selalu diikutkan)
2026-09-11 17:20:48,143 - INFO - mode ALL COIN: 117 simbol (117 coin terdeteksi, emas selalu diikutkan)
2026-09-11 17:21:18,539 - INFO - mode ALL COIN: 117 simbol (117 coin terdeteksi, emas selalu diikutkan)
2026-09-11 17:21:48,409 - INFO - mode ALL COIN: 117 simbol (117 coin terdeteksi, emas selalu diikutkan)
2026-09-11 17:22:17,826 - INFO - mode ALL COIN: 117 simbol (117 coin terdeteksi, emas selalu diikutkan)
2026-09-11 17:22:47,295 - INFO - mode ALL COIN: 117 simbol (117 coin terdeteksi, emas selalu diikutkan)
2026-09-11 17:23:15,823 - INFO - mode ALL COIN: 117 simbol (117 coin terdeteksi, emas selalu diikutkan)
2026-09-11 17:23:46,082 - INFO - mode ALL COIN: 117 simbol (117 coin terdeteksi, emas selalu diikutkan)
2026-09-11 17:24:16,274 - INFO - mode ALL COIN: 117 simbol (117 coin terdeteksi, emas selalu diikutkan)
2026-09-11 17:24:46,718 - INFO - mode ALL COIN: 117 simbol (117 coin terdeteksi, emas selalu diikutkan)
2026-09-11 17:25:16,985 - INFO - mode ALL COIN: 117 simbol (117 coin terdeteksi, emas selalu diikutkan)
2026-09-11 17:25:46,409 - INFO - mode ALL COIN: 117 simbol (117 coin terdeteksi, emas selalu diikutkan)
2026-09-11 17:26:15,897 - INFO - mode ALL COIN: 117 simbol (117 coin terdeteksi, emas selalu diikutkan)
2026-09-11 17:26:45,109 - INFO - mode ALL COIN: 117 simbol (117 coin terdeteksi, emas selalu diikutkan)
2026-09-11 17:27:15,168 - INFO - mode ALL COIN: 117 simbol (117 coin terdeteksi, emas selalu diikutkan)
2026-09-11 17:27:46,218 - INFO - mode ALL COIN: 117 simbol (117 coin terdeteksi, emas selalu diikutkan)
2026-09-11 17:28:18,275 - INFO - mode ALL COIN: 117 simbol (117 coin terdeteksi, emas selalu diikutkan)
2026-09-11 17:28:50,597 - INFO - mode ALL COIN: 117 simbol (117 coin terdeteksi, emas selalu diikutkan)
2026-09-11 17:29:22,036 - INFO - mode ALL COIN: 117 simbol (117 coin terdeteksi, emas selalu diikutkan)
2026-09-11 17:29:52,711 - INFO - mode ALL COIN: 117 simbol (117 coin terdeteksi, emas selalu diikutkan)
2026-09-11 17:30:23,010 - INFO - mode ALL COIN: 117 simbol (117 coin terdeteksi, emas selalu diikutkan)
2026-09-11 17:30:52,546 - INFO - mode ALL COIN: 117 simbol (117 coin terdeteksi, emas selalu diikutkan)
2026-09-11 17:31:22,752 - INFO - mode ALL COIN: 118 simbol (118 coin terdeteksi, emas selalu diikutkan)
2026-09-11 17:31:24,052 - INFO - ■ EIGENUSDT closed-ex ditutup — PnL -3.50$ (ROI -32.7%)
2026-09-11 17:31:24,052 - INFO - EIGENUSDT closed-ex ditutup — PnL -3.50$ (ROI -32.7%)
2026-09-11 17:31:24,783 - INFO - ◈ EIGENUSDT GE-R3 LONG | 15M 4/4 · 1H +0 · 4H +0 | zona ▼D 5.6/10 @ 0.210948-0.209912 | RR 3.28
2026-09-11 17:31:24,783 - INFO - EIGENUSDT setup GE-R3 LONG zone 5.6/10 rr 3.28
2026-09-11 17:31:53,509 - INFO - mode ALL COIN: 118 simbol (118 coin terdeteksi, emas selalu diikutkan)
2026-09-11 17:32:23,628 - INFO - mode ALL COIN: 118 simbol (118 coin terdeteksi, emas selalu diikutkan)
2026-09-11 17:32:54,179 - INFO - mode ALL COIN: 118 simbol (118 coin terdeteksi, emas selalu diikutkan)
2026-09-11 17:33:24,874 - INFO - mode ALL COIN: 118 simbol (118 coin terdeteksi, emas selalu diikutkan)
2026-09-11 17:33:54,656 - INFO - mode ALL COIN: 118 simbol (118 coin terdeteksi, emas selalu diikutkan)
2026-09-11 17:34:23,565 - INFO - mode ALL COIN: 118 simbol (118 coin terdeteksi, emas selalu diikutkan)
2026-09-11 17:34:51,543 - INFO - mode ALL COIN: 117 simbol (117 coin terdeteksi, emas selalu diikutkan)
2026-09-11 17:35:20,705 - INFO - mode ALL COIN: 117 simbol (117 coin terdeteksi, emas selalu diikutkan)
2026-09-11 17:35:50,188 - INFO - mode ALL COIN: 117 simbol (117 coin terdeteksi, emas selalu diikutkan)
2026-09-11 17:36:20,209 - INFO - mode ALL COIN: 117 simbol (117 coin terdeteksi, emas selalu diikutkan)
2026-09-11 17:36:50,036 - INFO - mode ALL COIN: 117 simbol (117 coin terdeteksi, emas selalu diikutkan)
2026-09-11 17:37:19,294 - INFO - mode ALL COIN: 117 simbol (117 coin terdeteksi, emas selalu diikutkan)
2026-09-11 17:37:48,394 - INFO - mode ALL COIN: 118 simbol (118 coin terdeteksi, emas selalu diikutkan)
2026-09-11 17:38:17,175 - INFO - mode ALL COIN: 118 simbol (118 coin terdeteksi, emas selalu diikutkan)
2026-09-11 17:38:46,387 - INFO - mode ALL COIN: 118 simbol (118 coin terdeteksi, emas selalu diikutkan)
2026-09-11 17:39:16,810 - INFO - mode ALL COIN: 118 simbol (118 coin terdeteksi, emas selalu diikutkan)
2026-09-11 17:39:48,573 - INFO - mode ALL COIN: 118 simbol (118 coin terdeteksi, emas selalu diikutkan)
2026-09-11 17:40:20,240 - INFO - mode ALL COIN: 119 simbol (119 coin terdeteksi, emas selalu diikutkan)
2026-09-11 17:40:50,738 - INFO - mode ALL COIN: 119 simbol (119 coin terdeteksi, emas selalu diikutkan)
2026-09-11 17:41:20,370 - INFO - mode ALL COIN: 120 simbol (120 coin terdeteksi, emas selalu diikutkan)
2026-09-11 17:41:49,541 - INFO - mode ALL COIN: 120 simbol (120 coin terdeteksi, emas selalu diikutkan)
2026-09-11 17:42:17,469 - INFO - mode ALL COIN: 120 simbol (120 coin terdeteksi, emas selalu diikutkan)
2026-09-11 17:42:47,373 - INFO - mode ALL COIN: 119 simbol (119 coin terdeteksi, emas selalu diikutkan)
2026-09-11 17:43:16,876 - INFO - mode ALL COIN: 119 simbol (119 coin terdeteksi, emas selalu diikutkan)
2026-09-11 17:43:46,588 - INFO - mode ALL COIN: 119 simbol (119 coin terdeteksi, emas selalu diikutkan)
2026-09-11 17:44:15,437 - INFO - mode ALL COIN: 119 simbol (119 coin terdeteksi, emas selalu diikutkan)
2026-09-11 17:44:44,284 - INFO - mode ALL COIN: 119 simbol (119 coin terdeteksi, emas selalu diikutkan)
2026-09-11 17:45:13,597 - INFO - mode ALL COIN: 119 simbol (119 coin terdeteksi, emas selalu diikutkan)
2026-09-11 17:45:43,848 - INFO - mode ALL COIN: 119 simbol (119 coin terdeteksi, emas selalu diikutkan)
2026-09-11 17:46:13,481 - INFO - mode ALL COIN: 119 simbol (119 coin terdeteksi, emas selalu diikutkan)
2026-09-11 17:46:43,531 - INFO - mode ALL COIN: 119 simbol (119 coin terdeteksi, emas selalu diikutkan)
2026-09-11 17:47:12,556 - INFO - mode ALL COIN: 119 simbol (119 coin terdeteksi, emas selalu diikutkan)
2026-09-11 17:47:42,270 - INFO - mode ALL COIN: 119 simbol (119 coin terdeteksi, emas selalu diikutkan)
2026-09-11 17:48:12,409 - INFO - mode ALL COIN: 119 simbol (119 coin terdeteksi, emas selalu diikutkan)
2026-09-11 17:48:42,955 - INFO - mode ALL COIN: 119 simbol (119 coin terdeteksi, emas selalu diikutkan)
2026-09-11 17:49:14,311 - INFO - mode ALL COIN: 119 simbol (119 coin terdeteksi, emas selalu diikutkan)
2026-09-11 17:49:45,827 - INFO - mode ALL COIN: 119 simbol (119 coin terdeteksi, emas selalu diikutkan)
2026-09-11 17:50:15,508 - INFO - mode ALL COIN: 119 simbol (119 coin terdeteksi, emas selalu diikutkan)
2026-09-11 17:50:44,252 - INFO - mode ALL COIN: 119 simbol (119 coin terdeteksi, emas selalu diikutkan)
2026-09-11 17:51:13,123 - INFO - mode ALL COIN: 120 simbol (120 coin terdeteksi, emas selalu diikutkan)
2026-09-11 17:51:42,111 - INFO - mode ALL COIN: 120 simbol (120 coin terdeteksi, emas selalu diikutkan)
2026-09-11 17:52:11,893 - INFO - mode ALL COIN: 120 simbol (120 coin terdeteksi, emas selalu diikutkan)
2026-09-11 17:52:41,974 - INFO - mode ALL COIN: 120 simbol (120 coin terdeteksi, emas selalu diikutkan)
2026-09-11 17:53:11,708 - INFO - mode ALL COIN: 120 simbol (120 coin terdeteksi, emas selalu diikutkan)
2026-09-11 17:53:40,133 - INFO - mode ALL COIN: 120 simbol (120 coin terdeteksi, emas selalu diikutkan)
2026-09-11 17:54:08,591 - INFO - mode ALL COIN: 120 simbol (120 coin terdeteksi, emas selalu diikutkan)
2026-09-11 17:54:37,056 - INFO - mode ALL COIN: 120 simbol (120 coin terdeteksi, emas selalu diikutkan)
2026-09-11 17:55:07,165 - INFO - mode ALL COIN: 120 simbol (120 coin terdeteksi, emas selalu diikutkan)
2026-09-11 17:55:37,895 - INFO - mode ALL COIN: 120 simbol (120 coin terdeteksi, emas selalu diikutkan)
2026-09-11 17:56:08,297 - INFO - mode ALL COIN: 120 simbol (120 coin terdeteksi, emas selalu diikutkan)
2026-09-11 17:56:38,232 - INFO - mode ALL COIN: 120 simbol (120 coin terdeteksi, emas selalu diikutkan)
2026-09-11 17:57:08,096 - INFO - mode ALL COIN: 120 simbol (120 coin terdeteksi, emas selalu diikutkan)
2026-09-11 17:57:36,992 - INFO - mode ALL COIN: 120 simbol (120 coin terdeteksi, emas selalu diikutkan)
2026-09-11 17:58:07,190 - INFO - mode ALL COIN: 120 simbol (120 coin terdeteksi, emas selalu diikutkan)
2026-09-11 17:58:07,793 - INFO - ◆ ENAUSDT TP2 0.142587 tercapai — sisa ditutup (RIDE selesai)
2026-09-11 17:58:38,073 - INFO - mode ALL COIN: 120 simbol (120 coin terdeteksi, emas selalu diikutkan)
2026-09-11 17:59:09,074 - INFO - mode ALL COIN: 120 simbol (120 coin terdeteksi, emas selalu diikutkan)
2026-09-11 17:59:09,625 - INFO - ■ ENAUSDT closed-ex ditutup — PnL +4.57$ (ROI +47.8%)
2026-09-11 17:59:09,625 - INFO - ENAUSDT closed-ex ditutup — PnL +4.57$ (ROI +47.8%)
2026-09-11 17:59:41,355 - INFO - mode ALL COIN: 120 simbol (120 coin terdeteksi, emas selalu diikutkan)
2026-09-11 18:00:11,750 - INFO - mode ALL COIN: 120 simbol (120 coin terdeteksi, emas selalu diikutkan)
2026-09-11 18:00:19,808 - ERROR - Too many visits. Exceeded the API Rate Limit. (ErrCode: 10006). Hit the API rate limit on https://api.bybit.com/v5/market/kline?category=linear&interval=240&limit=500&symbol=SAGAUSDT. Sleeping then trying again.
2026-09-11 18:00:19,808 - ERROR - API rate limit will reset at 19:00:21.808. Sleeping for 2000 ms. Retrying...
2026-09-11 18:00:42,604 - INFO - mode ALL COIN: 120 simbol (120 coin terdeteksi, emas selalu diikutkan)
2026-09-11 18:01:11,313 - INFO - mode ALL COIN: 120 simbol (120 coin terdeteksi, emas selalu diikutkan)
2026-09-11 18:01:38,884 - INFO - mode ALL COIN: 121 simbol (121 coin terdeteksi, emas selalu diikutkan)
2026-09-11 18:02:07,654 - INFO - mode ALL COIN: 121 simbol (121 coin terdeteksi, emas selalu diikutkan)
2026-09-11 18:02:36,686 - INFO - mode ALL COIN: 121 simbol (121 coin terdeteksi, emas selalu diikutkan)
2026-09-11 18:03:06,169 - INFO - mode ALL COIN: 122 simbol (122 coin terdeteksi, emas selalu diikutkan)
2026-09-11 18:03:35,496 - INFO - mode ALL COIN: 122 simbol (122 coin terdeteksi, emas selalu diikutkan)
2026-09-11 18:04:04,398 - INFO - mode ALL COIN: 122 simbol (122 coin terdeteksi, emas selalu diikutkan)
2026-09-11 18:04:33,283 - INFO - mode ALL COIN: 121 simbol (121 coin terdeteksi, emas selalu diikutkan)
2026-09-11 18:05:02,373 - INFO - mode ALL COIN: 121 simbol (121 coin terdeteksi, emas selalu diikutkan)
2026-09-11 18:05:31,653 - INFO - mode ALL COIN: 121 simbol (121 coin terdeteksi, emas selalu diikutkan)
2026-09-11 18:06:02,640 - INFO - mode ALL COIN: 121 simbol (121 coin terdeteksi, emas selalu diikutkan)
2026-09-11 18:06:32,042 - INFO - mode ALL COIN: 121 simbol (121 coin terdeteksi, emas selalu diikutkan)
2026-09-11 18:07:00,917 - INFO - mode ALL COIN: 121 simbol (121 coin terdeteksi, emas selalu diikutkan)
2026-09-11 18:07:29,301 - INFO - mode ALL COIN: 121 simbol (121 coin terdeteksi, emas selalu diikutkan)
2026-09-11 18:07:57,727 - INFO - mode ALL COIN: 121 simbol (121 coin terdeteksi, emas selalu diikutkan)
2026-09-11 18:08:27,154 - INFO - mode ALL COIN: 121 simbol (121 coin terdeteksi, emas selalu diikutkan)
2026-09-11 18:08:56,648 - INFO - mode ALL COIN: 121 simbol (121 coin terdeteksi, emas selalu diikutkan)
2026-09-11 18:09:24,939 - INFO - mode ALL COIN: 121 simbol (121 coin terdeteksi, emas selalu diikutkan)
2026-09-11 18:09:53,593 - INFO - mode ALL COIN: 121 simbol (121 coin terdeteksi, emas selalu diikutkan)
2026-09-11 18:10:21,523 - INFO - mode ALL COIN: 122 simbol (122 coin terdeteksi, emas selalu diikutkan)
2026-09-11 18:10:50,791 - INFO - mode ALL COIN: 122 simbol (122 coin terdeteksi, emas selalu diikutkan)
2026-09-11 18:11:20,788 - INFO - mode ALL COIN: 122 simbol (122 coin terdeteksi, emas selalu diikutkan)
2026-09-11 18:11:51,417 - INFO - mode ALL COIN: 122 simbol (122 coin terdeteksi, emas selalu diikutkan)
2026-09-11 18:12:03,123 - INFO - 
■ GOLDEN EDGE bot dihentikan.
2026-09-11 20:14:41,627 - INFO - pilihan akun (PRO ALL COIN): '2' -> REAL
2026-09-11 20:14:58,869 - INFO - mode ALL COIN: 123 simbol (123 coin terdeteksi, emas selalu diikutkan)
2026-09-11 20:14:58,869 - INFO - mode ALL COIN · varian H-G-AMAN
2026-09-11 20:14:59,198 - INFO - ▶ GOLDEN EDGE BOT dimulai — saldo $75.55 | 123 simbol | TF 15/60/240m | zona min 4.0/10 | cap $2.85
2026-09-11 20:14:59,198 - INFO - GOLDEN EDGE BOT dimulai — saldo $75.55 | 123 simbol | TF 15/60/240m | zona ≥ 4.0 | cap $2.85
2026-09-11 20:14:59,199 - INFO - mode ALL COIN: 123 simbol (123 coin terdeteksi, emas selalu diikutkan)
2026-09-11 20:15:29,248 - INFO - mode ALL COIN: 123 simbol (123 coin terdeteksi, emas selalu diikutkan)
2026-09-11 20:15:29,813 - INFO - ■ NEARUSDT closed-ex ditutup — PnL +7.93$ (ROI +70.3%)
2026-09-11 20:15:29,813 - INFO - NEARUSDT closed-ex ditutup — PnL +7.93$ (ROI +70.3%)
2026-09-11 20:15:31,114 - INFO - ■ ENAUSDT closed-ex ditutup — PnL +0.00$ (ROI +0.0%)
2026-09-11 20:15:31,114 - INFO - ENAUSDT closed-ex ditutup — PnL +0.00$ (ROI +0.0%)
2026-09-11 20:15:32,381 - INFO - ■ XPLUSDT closed-ex ditutup — PnL +0.00$ (ROI +0.0%)
2026-09-11 20:15:32,381 - INFO - XPLUSDT closed-ex ditutup — PnL +0.00$ (ROI +0.0%)
2026-09-11 20:16:01,493 - INFO - mode ALL COIN: 123 simbol (123 coin terdeteksi, emas selalu diikutkan)
2026-09-11 20:16:30,599 - INFO - mode ALL COIN: 123 simbol (123 coin terdeteksi, emas selalu diikutkan)
2026-09-11 20:17:00,276 - INFO - mode ALL COIN: 123 simbol (123 coin terdeteksi, emas selalu diikutkan)
2026-09-11 20:17:30,051 - INFO - mode ALL COIN: 123 simbol (123 coin terdeteksi, emas selalu diikutkan)
2026-09-11 20:17:39,466 - INFO - ◈ NESAUSDT GE-R3 LONG | 15M 2/4 · 1H +0 · 4H +0 | zona ▼D 5.8/10 @ 0.140501-0.138523 | RR 1.46
2026-09-11 20:17:39,466 - INFO - NESAUSDT setup GE-R3 LONG zone 5.8/10 rr 1.46
2026-09-11 20:17:39,510 - INFO - NESAUSDT lev 14x (std ALT 25x · akun real · REAL=DEMO)
2026-09-11 20:17:40,761 - INFO - ▲ LONG NESAUSDT [GE-R3] @ 0.1417 14x | 15M 2/4 5.8/10 RR 1.46 TP 0.148487 SL 0.136887
2026-09-11 20:17:40,761 - INFO - NESAUSDT ENTRY Buy @ 0.1417 14x TP 0.148487 SL 0.136887 zone 5.8/10 rr 1.46
2026-09-11 20:18:01,751 - INFO - mode ALL COIN: 123 simbol (123 coin terdeteksi, emas selalu diikutkan)
2026-09-11 20:18:32,308 - INFO - mode ALL COIN: 123 simbol (123 coin terdeteksi, emas selalu diikutkan)
2026-09-11 20:19:01,796 - INFO - mode ALL COIN: 123 simbol (123 coin terdeteksi, emas selalu diikutkan)
2026-09-11 20:19:31,912 - INFO - mode ALL COIN: 123 simbol (123 coin terdeteksi, emas selalu diikutkan)
2026-09-11 20:20:01,976 - INFO - mode ALL COIN: 123 simbol (123 coin terdeteksi, emas selalu diikutkan)
2026-09-11 20:20:32,200 - INFO - mode ALL COIN: 123 simbol (123 coin terdeteksi, emas selalu diikutkan)
2026-09-11 20:21:02,811 - INFO - mode ALL COIN: 123 simbol (123 coin terdeteksi, emas selalu diikutkan)
2026-09-11 20:21:33,025 - INFO - mode ALL COIN: 123 simbol (123 coin terdeteksi, emas selalu diikutkan)
2026-09-11 20:22:03,156 - INFO - mode ALL COIN: 123 simbol (123 coin terdeteksi, emas selalu diikutkan)
2026-09-11 20:22:33,243 - INFO - mode ALL COIN: 123 simbol (123 coin terdeteksi, emas selalu diikutkan)
2026-09-11 20:23:03,630 - INFO - mode ALL COIN: 123 simbol (123 coin terdeteksi, emas selalu diikutkan)
2026-09-11 20:23:33,728 - INFO - mode ALL COIN: 123 simbol (123 coin terdeteksi, emas selalu diikutkan)
2026-09-11 20:24:03,625 - INFO - mode ALL COIN: 123 simbol (123 coin terdeteksi, emas selalu diikutkan)
2026-09-11 20:24:33,803 - INFO - mode ALL COIN: 123 simbol (123 coin terdeteksi, emas selalu diikutkan)
2026-09-11 20:25:04,031 - INFO - mode ALL COIN: 123 simbol (123 coin terdeteksi, emas selalu diikutkan)
2026-09-11 20:25:33,418 - INFO - mode ALL COIN: 123 simbol (123 coin terdeteksi, emas selalu diikutkan)
2026-09-11 20:26:04,095 - INFO - mode ALL COIN: 123 simbol (123 coin terdeteksi, emas selalu diikutkan)
2026-09-11 20:26:34,320 - INFO - mode ALL COIN: 123 simbol (123 coin terdeteksi, emas selalu diikutkan)
2026-09-11 20:27:04,569 - INFO - mode ALL COIN: 123 simbol (123 coin terdeteksi, emas selalu diikutkan)
2026-09-11 20:27:34,407 - INFO - mode ALL COIN: 123 simbol (123 coin terdeteksi, emas selalu diikutkan)
2026-09-11 20:28:03,924 - INFO - mode ALL COIN: 123 simbol (123 coin terdeteksi, emas selalu diikutkan)
2026-09-11 20:28:33,390 - INFO - mode ALL COIN: 123 simbol (123 coin terdeteksi, emas selalu diikutkan)
2026-09-11 20:29:02,385 - INFO - mode ALL COIN: 123 simbol (123 coin terdeteksi, emas selalu diikutkan)
2026-09-11 20:29:32,073 - INFO - mode ALL COIN: 123 simbol (123 coin terdeteksi, emas selalu diikutkan)
2026-09-11 20:30:02,635 - INFO - mode ALL COIN: 123 simbol (123 coin terdeteksi, emas selalu diikutkan)
2026-09-11 20:30:34,145 - INFO - mode ALL COIN: 123 simbol (123 coin terdeteksi, emas selalu diikutkan)
2026-09-11 20:31:06,053 - INFO - mode ALL COIN: 123 simbol (123 coin terdeteksi, emas selalu diikutkan)
2026-09-11 20:31:38,264 - INFO - mode ALL COIN: 123 simbol (123 coin terdeteksi, emas selalu diikutkan)
2026-09-11 20:32:10,126 - INFO - mode ALL COIN: 123 simbol (123 coin terdeteksi, emas selalu diikutkan)
2026-09-11 20:32:41,168 - INFO - mode ALL COIN: 123 simbol (123 coin terdeteksi, emas selalu diikutkan)
2026-09-11 20:33:10,518 - INFO - mode ALL COIN: 123 simbol (123 coin terdeteksi, emas selalu diikutkan)
2026-09-11 20:33:39,442 - INFO - mode ALL COIN: 123 simbol (123 coin terdeteksi, emas selalu diikutkan)
2026-09-11 20:34:08,493 - INFO - mode ALL COIN: 123 simbol (123 coin terdeteksi, emas selalu diikutkan)
2026-09-11 20:34:37,970 - INFO - mode ALL COIN: 123 simbol (123 coin terdeteksi, emas selalu diikutkan)
2026-09-11 20:35:07,807 - INFO - mode ALL COIN: 123 simbol (123 coin terdeteksi, emas selalu diikutkan)
2026-09-11 20:35:38,407 - INFO - mode ALL COIN: 123 simbol (123 coin terdeteksi, emas selalu diikutkan)
2026-09-11 20:36:09,572 - INFO - mode ALL COIN: 123 simbol (123 coin terdeteksi, emas selalu diikutkan)
2026-09-11 20:36:40,943 - INFO - mode ALL COIN: 123 simbol (123 coin terdeteksi, emas selalu diikutkan)
2026-09-11 20:37:11,963 - INFO - mode ALL COIN: 123 simbol (123 coin terdeteksi, emas selalu diikutkan)
2026-09-11 20:37:42,874 - INFO - mode ALL COIN: 123 simbol (123 coin terdeteksi, emas selalu diikutkan)
2026-09-11 20:38:14,016 - INFO - mode ALL COIN: 123 simbol (123 coin terdeteksi, emas selalu diikutkan)
2026-09-11 20:38:45,098 - INFO - mode ALL COIN: 123 simbol (123 coin terdeteksi, emas selalu diikutkan)
2026-09-11 20:39:15,566 - INFO - mode ALL COIN: 123 simbol (123 coin terdeteksi, emas selalu diikutkan)
2026-09-11 20:39:45,805 - INFO - mode ALL COIN: 123 simbol (123 coin terdeteksi, emas selalu diikutkan)
2026-09-11 20:40:15,606 - INFO - mode ALL COIN: 123 simbol (123 coin terdeteksi, emas selalu diikutkan)
2026-09-11 20:40:44,614 - INFO - mode ALL COIN: 123 simbol (123 coin terdeteksi, emas selalu diikutkan)
2026-09-11 20:41:13,684 - INFO - mode ALL COIN: 123 simbol (123 coin terdeteksi, emas selalu diikutkan)
2026-09-11 20:41:43,420 - INFO - mode ALL COIN: 123 simbol (123 coin terdeteksi, emas selalu diikutkan)
2026-09-11 20:42:13,901 - INFO - mode ALL COIN: 123 simbol (123 coin terdeteksi, emas selalu diikutkan)
2026-09-11 20:42:44,446 - INFO - mode ALL COIN: 123 simbol (123 coin terdeteksi, emas selalu diikutkan)
2026-09-11 20:43:15,258 - INFO - mode ALL COIN: 123 simbol (123 coin terdeteksi, emas selalu diikutkan)
2026-09-11 20:43:45,814 - INFO - mode ALL COIN: 123 simbol (123 coin terdeteksi, emas selalu diikutkan)
2026-09-11 20:44:15,710 - INFO - mode ALL COIN: 123 simbol (123 coin terdeteksi, emas selalu diikutkan)
2026-09-11 20:44:45,062 - INFO - mode ALL COIN: 123 simbol (123 coin terdeteksi, emas selalu diikutkan)
2026-09-11 20:45:14,042 - INFO - mode ALL COIN: 123 simbol (123 coin terdeteksi, emas selalu diikutkan)
2026-09-11 20:45:14,327 - ERROR - Too many visits. Exceeded the API Rate Limit. (ErrCode: 10006). Hit the API rate limit on https://api.bybit.com/v5/market/kline?category=linear&interval=15&limit=500&symbol=NESAUSDT. Sleeping then trying again.
2026-09-11 20:45:14,327 - ERROR - API rate limit will reset at 21:45:16.327. Sleeping for 2000 ms. Retrying...
2026-09-11 20:45:45,684 - INFO - mode ALL COIN: 123 simbol (123 coin terdeteksi, emas selalu diikutkan)
2026-09-11 20:46:15,184 - INFO - mode ALL COIN: 123 simbol (123 coin terdeteksi, emas selalu diikutkan)
2026-09-11 20:46:21,549 - INFO - ◈ LINKUSDT GE-R3 SHORT | 15M 3/4 · 1H +1 · 4H +0 | zona ▲S 4.3/10 @ 11.7568-11.736 | RR 1.95
2026-09-11 20:46:21,549 - INFO - LINKUSDT setup GE-R3 SHORT zone 4.3/10 rr 1.95
2026-09-11 20:46:22,829 - INFO - ▼ SHORT LINKUSDT [GE-R3] @ 11.733 25x | 15M 3/4 4.3/10 RR 1.95 TP 11.5676 SL 11.7907
2026-09-11 20:46:22,829 - INFO - LINKUSDT ENTRY Sell @ 11.733 25x TP 11.5676 SL 11.7907 zone 4.3/10 rr 1.95
2026-09-11 20:46:47,380 - INFO - mode ALL COIN: 123 simbol (123 coin terdeteksi, emas selalu diikutkan)
2026-09-11 20:46:48,130 - INFO - ⚠ LINKUSDT POSISI TANPA SL — dipasang ulang @ 11.8348
2026-09-11 20:47:17,766 - INFO - mode ALL COIN: 123 simbol (123 coin terdeteksi, emas selalu diikutkan)
2026-09-11 20:47:28,792 - INFO - ◈ XLMUSDT GE-R3 SHORT | 15M 4/4 · 1H +1 · 4H +0 | zona ▲S 3.8/10 @ 0.179584-0.17913 | RR 2.30
2026-09-11 20:47:28,792 - INFO - XLMUSDT setup GE-R3 SHORT zone 3.8/10 rr 2.30
2026-09-11 20:47:49,122 - INFO - mode ALL COIN: 124 simbol (124 coin terdeteksi, emas selalu diikutkan)
2026-09-11 20:48:21,271 - INFO - mode ALL COIN: 124 simbol (124 coin terdeteksi, emas selalu diikutkan)
2026-09-11 20:48:53,503 - INFO - mode ALL COIN: 124 simbol (124 coin terdeteksi, emas selalu diikutkan)
2026-09-11 20:49:25,194 - INFO - mode ALL COIN: 124 simbol (124 coin terdeteksi, emas selalu diikutkan)
2026-09-11 20:49:56,822 - INFO - mode ALL COIN: 124 simbol (124 coin terdeteksi, emas selalu diikutkan)
2026-09-11 20:49:57,381 - INFO - ■ LINKUSDT closed-ex ditutup — PnL -2.02$ (ROI -13.6%)
2026-09-11 20:49:57,381 - INFO - LINKUSDT closed-ex ditutup — PnL -2.02$ (ROI -13.6%)
2026-09-11 20:49:58,130 - INFO - ◈ LINKUSDT GE-R3 SHORT | 15M 3/4 · 1H +1 · 4H +0 | zona ▲S 4.3/10 @ 11.7568-11.7242 | RR 1.94
2026-09-11 20:49:58,130 - INFO - LINKUSDT setup GE-R3 SHORT zone 4.3/10 rr 1.94
2026-09-11 20:50:28,777 - INFO - mode ALL COIN: 124 simbol (124 coin terdeteksi, emas selalu diikutkan)
2026-09-11 20:50:59,169 - INFO - mode ALL COIN: 124 simbol (124 coin terdeteksi, emas selalu diikutkan)
2026-09-11 20:51:29,174 - INFO - mode ALL COIN: 124 simbol (124 coin terdeteksi, emas selalu diikutkan)
2026-09-11 20:51:59,032 - INFO - mode ALL COIN: 124 simbol (124 coin terdeteksi, emas selalu diikutkan)
2026-09-11 20:52:28,180 - INFO - mode ALL COIN: 123 simbol (123 coin terdeteksi, emas selalu diikutkan)
2026-09-11 20:52:57,494 - INFO - mode ALL COIN: 123 simbol (123 coin terdeteksi, emas selalu diikutkan)
2026-09-11 20:53:27,397 - INFO - mode ALL COIN: 123 simbol (123 coin terdeteksi, emas selalu diikutkan)
2026-09-11 20:53:57,837 - INFO - mode ALL COIN: 123 simbol (123 coin terdeteksi, emas selalu diikutkan)
2026-09-11 20:54:28,492 - INFO - mode ALL COIN: 123 simbol (123 coin terdeteksi, emas selalu diikutkan)
2026-09-11 20:54:59,208 - INFO - mode ALL COIN: 123 simbol (123 coin terdeteksi, emas selalu diikutkan)
2026-09-11 20:55:29,589 - INFO - mode ALL COIN: 123 simbol (123 coin terdeteksi, emas selalu diikutkan)
2026-09-11 20:55:59,614 - INFO - mode ALL COIN: 123 simbol (123 coin terdeteksi, emas selalu diikutkan)
2026-09-11 20:56:29,241 - INFO - mode ALL COIN: 123 simbol (123 coin terdeteksi, emas selalu diikutkan)
2026-09-11 20:56:58,492 - INFO - mode ALL COIN: 123 simbol (123 coin terdeteksi, emas selalu diikutkan)
2026-09-11 20:57:28,114 - INFO - mode ALL COIN: 123 simbol (123 coin terdeteksi, emas selalu diikutkan)
2026-09-11 20:57:57,589 - INFO - mode ALL COIN: 123 simbol (123 coin terdeteksi, emas selalu diikutkan)
2026-09-11 20:58:27,270 - INFO - mode ALL COIN: 123 simbol (123 coin terdeteksi, emas selalu diikutkan)
2026-09-11 20:58:57,180 - INFO - mode ALL COIN: 124 simbol (124 coin terdeteksi, emas selalu diikutkan)
2026-09-11 20:59:27,257 - INFO - mode ALL COIN: 124 simbol (124 coin terdeteksi, emas selalu diikutkan)
2026-09-11 20:59:57,163 - INFO - mode ALL COIN: 124 simbol (124 coin terdeteksi, emas selalu diikutkan)
2026-09-11 21:00:02,417 - INFO - ◈ TIAUSDT GE-R3 SHORT | 15M 4/4 · 1H +1 · 4H -1 | zona ▲S 4.0/10 @ 0.381343-0.3802 | RR 3.23
2026-09-11 21:00:02,417 - INFO - TIAUSDT setup GE-R3 SHORT zone 4.0/10 rr 3.23
2026-09-11 21:00:02,454 - INFO - TIAUSDT lev 25x (std ALT 25x · akun real · REAL=DEMO)
2026-09-11 21:00:03,711 - INFO - ▼ SHORT TIAUSDT [GE-R3] @ 0.3792 25x | 15M 4/4 4.0/10 RR 3.23 TP 0.367294 SL 0.383014
2026-09-11 21:00:03,711 - INFO - TIAUSDT ENTRY Sell @ 0.3792 25x TP 0.367294 SL 0.383014 zone 4.0/10 rr 3.23
2026-09-11 21:00:29,026 - INFO - mode ALL COIN: 124 simbol (124 coin terdeteksi, emas selalu diikutkan)
2026-09-11 21:00:59,838 - INFO - mode ALL COIN: 124 simbol (124 coin terdeteksi, emas selalu diikutkan)
2026-09-11 21:01:31,141 - INFO - mode ALL COIN: 124 simbol (124 coin terdeteksi, emas selalu diikutkan)
2026-09-11 21:02:02,346 - INFO - mode ALL COIN: 124 simbol (124 coin terdeteksi, emas selalu diikutkan)
2026-09-11 21:02:33,829 - INFO - mode ALL COIN: 124 simbol (124 coin terdeteksi, emas selalu diikutkan)
2026-09-11 21:03:05,072 - INFO - mode ALL COIN: 124 simbol (124 coin terdeteksi, emas selalu diikutkan)
2026-09-11 21:03:35,575 - INFO - mode ALL COIN: 124 simbol (124 coin terdeteksi, emas selalu diikutkan)
2026-09-11 21:04:05,867 - INFO - mode ALL COIN: 124 simbol (124 coin terdeteksi, emas selalu diikutkan)
2026-09-11 21:04:35,971 - INFO - mode ALL COIN: 124 simbol (124 coin terdeteksi, emas selalu diikutkan)
2026-09-11 21:05:06,303 - INFO - mode ALL COIN: 124 simbol (124 coin terdeteksi, emas selalu diikutkan)
2026-09-11 21:05:36,948 - INFO - mode ALL COIN: 124 simbol (124 coin terdeteksi, emas selalu diikutkan)
2026-09-11 21:06:07,902 - INFO - mode ALL COIN: 124 simbol (124 coin terdeteksi, emas selalu diikutkan)
2026-09-11 21:06:38,911 - INFO - mode ALL COIN: 124 simbol (124 coin terdeteksi, emas selalu diikutkan)
2026-09-11 21:07:10,404 - INFO - mode ALL COIN: 124 simbol (124 coin terdeteksi, emas selalu diikutkan)
2026-09-11 21:07:41,334 - INFO - mode ALL COIN: 124 simbol (124 coin terdeteksi, emas selalu diikutkan)
2026-09-11 21:08:12,478 - INFO - mode ALL COIN: 124 simbol (124 coin terdeteksi, emas selalu diikutkan)
2026-09-11 21:08:43,342 - INFO - mode ALL COIN: 124 simbol (124 coin terdeteksi, emas selalu diikutkan)
2026-09-11 21:09:14,303 - INFO - mode ALL COIN: 124 simbol (124 coin terdeteksi, emas selalu diikutkan)
2026-09-11 21:09:45,039 - INFO - mode ALL COIN: 125 simbol (125 coin terdeteksi, emas selalu diikutkan)
2026-09-11 21:10:15,181 - INFO - mode ALL COIN: 125 simbol (125 coin terdeteksi, emas selalu diikutkan)
2026-09-11 21:10:45,256 - INFO - mode ALL COIN: 125 simbol (125 coin terdeteksi, emas selalu diikutkan)
2026-09-11 21:11:15,186 - INFO - mode ALL COIN: 125 simbol (125 coin terdeteksi, emas selalu diikutkan)
2026-09-11 21:11:44,271 - INFO - mode ALL COIN: 125 simbol (125 coin terdeteksi, emas selalu diikutkan)
2026-09-11 21:12:15,104 - INFO - mode ALL COIN: 125 simbol (125 coin terdeteksi, emas selalu diikutkan)
2026-09-11 21:12:45,893 - INFO - mode ALL COIN: 125 simbol (125 coin terdeteksi, emas selalu diikutkan)
2026-09-11 21:13:17,848 - INFO - mode ALL COIN: 125 simbol (125 coin terdeteksi, emas selalu diikutkan)
2026-09-11 21:13:50,515 - INFO - mode ALL COIN: 125 simbol (125 coin terdeteksi, emas selalu diikutkan)
2026-09-11 21:14:23,580 - INFO - mode ALL COIN: 125 simbol (125 coin terdeteksi, emas selalu diikutkan)
2026-09-11 21:14:56,628 - INFO - mode ALL COIN: 125 simbol (125 coin terdeteksi, emas selalu diikutkan)
2026-09-11 21:15:28,695 - INFO - mode ALL COIN: 126 simbol (126 coin terdeteksi, emas selalu diikutkan)
2026-09-11 21:16:00,417 - INFO - mode ALL COIN: 126 simbol (126 coin terdeteksi, emas selalu diikutkan)
2026-09-11 21:16:31,494 - INFO - mode ALL COIN: 126 simbol (126 coin terdeteksi, emas selalu diikutkan)
2026-09-11 21:17:02,635 - INFO - mode ALL COIN: 126 simbol (126 coin terdeteksi, emas selalu diikutkan)
2026-09-11 21:17:33,136 - INFO - mode ALL COIN: 126 simbol (126 coin terdeteksi, emas selalu diikutkan)
2026-09-11 21:18:03,165 - INFO - mode ALL COIN: 126 simbol (126 coin terdeteksi, emas selalu diikutkan)
2026-09-11 21:18:33,310 - INFO - mode ALL COIN: 126 simbol (126 coin terdeteksi, emas selalu diikutkan)
2026-09-11 21:19:03,277 - INFO - mode ALL COIN: 126 simbol (126 coin terdeteksi, emas selalu diikutkan)
2026-09-11 21:19:33,113 - INFO - mode ALL COIN: 126 simbol (126 coin terdeteksi, emas selalu diikutkan)
2026-09-11 21:20:03,200 - INFO - mode ALL COIN: 126 simbol (126 coin terdeteksi, emas selalu diikutkan)
2026-09-11 21:20:33,618 - INFO - mode ALL COIN: 126 simbol (126 coin terdeteksi, emas selalu diikutkan)
2026-09-11 21:21:05,047 - INFO - mode ALL COIN: 126 simbol (126 coin terdeteksi, emas selalu diikutkan)
2026-09-11 21:21:36,435 - INFO - mode ALL COIN: 126 simbol (126 coin terdeteksi, emas selalu diikutkan)
2026-09-11 21:22:07,882 - INFO - mode ALL COIN: 126 simbol (126 coin terdeteksi, emas selalu diikutkan)
2026-09-11 21:22:38,912 - INFO - mode ALL COIN: 126 simbol (126 coin terdeteksi, emas selalu diikutkan)
2026-09-11 21:23:09,360 - INFO - mode ALL COIN: 126 simbol (126 coin terdeteksi, emas selalu diikutkan)
2026-09-11 21:23:39,290 - INFO - mode ALL COIN: 126 simbol (126 coin terdeteksi, emas selalu diikutkan)
2026-09-11 21:24:09,445 - INFO - mode ALL COIN: 126 simbol (126 coin terdeteksi, emas selalu diikutkan)
2026-09-11 21:24:38,925 - INFO - mode ALL COIN: 126 simbol (126 coin terdeteksi, emas selalu diikutkan)
2026-09-11 21:25:09,062 - INFO - mode ALL COIN: 126 simbol (126 coin terdeteksi, emas selalu diikutkan)
2026-09-11 21:25:39,346 - INFO - mode ALL COIN: 126 simbol (126 coin terdeteksi, emas selalu diikutkan)
2026-09-11 21:26:09,900 - INFO - mode ALL COIN: 126 simbol (126 coin terdeteksi, emas selalu diikutkan)
2026-09-11 21:26:40,721 - INFO - mode ALL COIN: 126 simbol (126 coin terdeteksi, emas selalu diikutkan)
2026-09-11 21:27:11,181 - INFO - mode ALL COIN: 126 simbol (126 coin terdeteksi, emas selalu diikutkan)
2026-09-11 21:27:42,167 - INFO - mode ALL COIN: 126 simbol (126 coin terdeteksi, emas selalu diikutkan)
2026-09-11 21:28:13,663 - INFO - mode ALL COIN: 126 simbol (126 coin terdeteksi, emas selalu diikutkan)
2026-09-11 21:28:45,712 - INFO - mode ALL COIN: 126 simbol (126 coin terdeteksi, emas selalu diikutkan)
2026-09-11 21:29:17,536 - INFO - mode ALL COIN: 126 simbol (126 coin terdeteksi, emas selalu diikutkan)
2026-09-11 21:29:49,800 - INFO - mode ALL COIN: 125 simbol (125 coin terdeteksi, emas selalu diikutkan)
2026-09-11 21:30:22,045 - INFO - mode ALL COIN: 125 simbol (125 coin terdeteksi, emas selalu diikutkan)
2026-09-11 21:30:54,743 - INFO - mode ALL COIN: 125 simbol (125 coin terdeteksi, emas selalu diikutkan)
2026-09-11 21:31:26,329 - INFO - mode ALL COIN: 125 simbol (125 coin terdeteksi, emas selalu diikutkan)
2026-09-11 21:31:57,421 - INFO - mode ALL COIN: 126 simbol (126 coin terdeteksi, emas selalu diikutkan)
2026-09-11 21:32:27,874 - INFO - mode ALL COIN: 126 simbol (126 coin terdeteksi, emas selalu diikutkan)
2026-09-11 21:32:58,011 - INFO - mode ALL COIN: 126 simbol (126 coin terdeteksi, emas selalu diikutkan)
2026-09-11 21:33:28,033 - INFO - mode ALL COIN: 126 simbol (126 coin terdeteksi, emas selalu diikutkan)
2026-09-11 21:33:57,993 - INFO - mode ALL COIN: 126 simbol (126 coin terdeteksi, emas selalu diikutkan)
2026-09-11 21:34:28,000 - INFO - mode ALL COIN: 126 simbol (126 coin terdeteksi, emas selalu diikutkan)
2026-09-11 21:34:57,977 - INFO - mode ALL COIN: 126 simbol (126 coin terdeteksi, emas selalu diikutkan)
2026-09-11 21:35:28,682 - INFO - mode ALL COIN: 126 simbol (126 coin terdeteksi, emas selalu diikutkan)
2026-09-11 21:36:00,644 - INFO - mode ALL COIN: 126 simbol (126 coin terdeteksi, emas selalu diikutkan)
2026-09-11 21:36:32,039 - INFO - mode ALL COIN: 126 simbol (126 coin terdeteksi, emas selalu diikutkan)
2026-09-11 21:37:04,295 - INFO - mode ALL COIN: 126 simbol (126 coin terdeteksi, emas selalu diikutkan)
2026-09-11 21:37:36,043 - INFO - mode ALL COIN: 126 simbol (126 coin terdeteksi, emas selalu diikutkan)
2026-09-11 21:38:07,816 - INFO - mode ALL COIN: 126 simbol (126 coin terdeteksi, emas selalu diikutkan)
2026-09-11 21:38:39,725 - INFO - mode ALL COIN: 126 simbol (126 coin terdeteksi, emas selalu diikutkan)
2026-09-11 21:39:10,517 - INFO - mode ALL COIN: 126 simbol (126 coin terdeteksi, emas selalu diikutkan)
2026-09-11 21:39:41,619 - INFO - mode ALL COIN: 126 simbol (126 coin terdeteksi, emas selalu diikutkan)
2026-09-11 21:40:13,063 - INFO - mode ALL COIN: 126 simbol (126 coin terdeteksi, emas selalu diikutkan)
2026-09-11 21:40:44,063 - INFO - mode ALL COIN: 126 simbol (126 coin terdeteksi, emas selalu diikutkan)
2026-09-11 21:41:15,412 - INFO - mode ALL COIN: 126 simbol (126 coin terdeteksi, emas selalu diikutkan)
2026-09-11 21:41:46,435 - INFO - mode ALL COIN: 126 simbol (126 coin terdeteksi, emas selalu diikutkan)
2026-09-11 21:42:17,250 - INFO - mode ALL COIN: 126 simbol (126 coin terdeteksi, emas selalu diikutkan)
2026-09-11 21:42:17,789 - INFO - [BE] TIAUSDT BE @ 0.378555 (1.10R)
2026-09-11 21:42:47,886 - INFO - mode ALL COIN: 126 simbol (126 coin terdeteksi, emas selalu diikutkan)
2026-09-11 21:43:17,737 - INFO - mode ALL COIN: 126 simbol (126 coin terdeteksi, emas selalu diikutkan)
2026-09-11 21:43:47,173 - INFO - mode ALL COIN: 126 simbol (126 coin terdeteksi, emas selalu diikutkan)
2026-09-11 21:44:16,772 - INFO - mode ALL COIN: 126 simbol (126 coin terdeteksi, emas selalu diikutkan)
2026-09-11 21:44:47,125 - INFO - mode ALL COIN: 126 simbol (126 coin terdeteksi, emas selalu diikutkan)
2026-09-11 21:45:17,639 - INFO - mode ALL COIN: 126 simbol (126 coin terdeteksi, emas selalu diikutkan)
2026-09-11 21:45:48,445 - INFO - mode ALL COIN: 126 simbol (126 coin terdeteksi, emas selalu diikutkan)
2026-09-11 21:46:19,650 - INFO - mode ALL COIN: 126 simbol (126 coin terdeteksi, emas selalu diikutkan)
2026-09-11 21:46:51,072 - INFO - mode ALL COIN: 126 simbol (126 coin terdeteksi, emas selalu diikutkan)
2026-09-11 21:47:21,280 - INFO - mode ALL COIN: 126 simbol (126 coin terdeteksi, emas selalu diikutkan)
2026-09-11 21:47:52,275 - INFO - mode ALL COIN: 126 simbol (126 coin terdeteksi, emas selalu diikutkan)
2026-09-11 21:48:22,456 - INFO - mode ALL COIN: 126 simbol (126 coin terdeteksi, emas selalu diikutkan)
2026-09-11 21:48:52,868 - INFO - mode ALL COIN: 126 simbol (126 coin terdeteksi, emas selalu diikutkan)
2026-09-11 21:49:22,913 - INFO - mode ALL COIN: 126 simbol (126 coin terdeteksi, emas selalu diikutkan)
2026-09-11 21:49:52,898 - INFO - mode ALL COIN: 126 simbol (126 coin terdeteksi, emas selalu diikutkan)
2026-09-11 21:50:22,966 - INFO - mode ALL COIN: 126 simbol (126 coin terdeteksi, emas selalu diikutkan)
2026-09-11 21:50:52,805 - INFO - mode ALL COIN: 126 simbol (126 coin terdeteksi, emas selalu diikutkan)
2026-09-11 21:51:23,160 - INFO - mode ALL COIN: 126 simbol (126 coin terdeteksi, emas selalu diikutkan)
2026-09-11 21:51:54,326 - INFO - mode ALL COIN: 126 simbol (126 coin terdeteksi, emas selalu diikutkan)
2026-09-11 21:52:25,522 - INFO - mode ALL COIN: 126 simbol (126 coin terdeteksi, emas selalu diikutkan)
2026-09-11 21:52:57,592 - INFO - mode ALL COIN: 126 simbol (126 coin terdeteksi, emas selalu diikutkan)
2026-09-11 21:53:30,047 - INFO - mode ALL COIN: 126 simbol (126 coin terdeteksi, emas selalu diikutkan)
2026-09-11 21:54:03,545 - INFO - mode ALL COIN: 126 simbol (126 coin terdeteksi, emas selalu diikutkan)
2026-09-11 21:54:36,253 - INFO - mode ALL COIN: 126 simbol (126 coin terdeteksi, emas selalu diikutkan)
2026-09-11 21:55:08,103 - INFO - mode ALL COIN: 126 simbol (126 coin terdeteksi, emas selalu diikutkan)
2026-09-11 21:55:39,779 - INFO - mode ALL COIN: 126 simbol (126 coin terdeteksi, emas selalu diikutkan)
2026-09-11 21:56:10,711 - INFO - mode ALL COIN: 126 simbol (126 coin terdeteksi, emas selalu diikutkan)
2026-09-11 21:56:41,511 - INFO - mode ALL COIN: 126 simbol (126 coin terdeteksi, emas selalu diikutkan)
2026-09-11 21:57:11,542 - INFO - mode ALL COIN: 126 simbol (126 coin terdeteksi, emas selalu diikutkan)
2026-09-11 21:57:41,508 - INFO - mode ALL COIN: 126 simbol (126 coin terdeteksi, emas selalu diikutkan)
2026-09-11 21:58:11,457 - INFO - mode ALL COIN: 126 simbol (126 coin terdeteksi, emas selalu diikutkan)
2026-09-11 21:58:41,415 - INFO - mode ALL COIN: 126 simbol (126 coin terdeteksi, emas selalu diikutkan)
2026-09-11 21:59:10,691 - INFO - mode ALL COIN: 126 simbol (126 coin terdeteksi, emas selalu diikutkan)
2026-09-11 21:59:41,716 - INFO - mode ALL COIN: 127 simbol (127 coin terdeteksi, emas selalu diikutkan)
2026-09-11 22:00:12,683 - INFO - mode ALL COIN: 127 simbol (127 coin terdeteksi, emas selalu diikutkan)
2026-09-11 22:00:14,737 - ERROR - Too many visits. Exceeded the API Rate Limit. (ErrCode: 10006). Hit the API rate limit on https://api.bybit.com/v5/market/kline?category=linear&interval=60&limit=500&symbol=BTCUSDT. Sleeping then trying again.
2026-09-11 22:00:14,737 - ERROR - API rate limit will reset at 23:00:16.737. Sleeping for 2000 ms. Retrying...
2026-09-11 22:00:46,456 - INFO - mode ALL COIN: 127 simbol (127 coin terdeteksi, emas selalu diikutkan)
2026-09-11 22:01:17,872 - INFO - mode ALL COIN: 127 simbol (127 coin terdeteksi, emas selalu diikutkan)
2026-09-11 22:01:49,272 - INFO - mode ALL COIN: 128 simbol (128 coin terdeteksi, emas selalu diikutkan)
2026-09-11 22:02:20,271 - INFO - mode ALL COIN: 128 simbol (128 coin terdeteksi, emas selalu diikutkan)
2026-09-11 22:02:50,689 - INFO - mode ALL COIN: 127 simbol (127 coin terdeteksi, emas selalu diikutkan)
2026-09-11 22:03:20,696 - INFO - mode ALL COIN: 127 simbol (127 coin terdeteksi, emas selalu diikutkan)
2026-09-11 22:03:51,185 - INFO - mode ALL COIN: 127 simbol (127 coin terdeteksi, emas selalu diikutkan)
2026-09-11 22:04:21,300 - INFO - mode ALL COIN: 127 simbol (127 coin terdeteksi, emas selalu diikutkan)
2026-09-11 22:04:51,752 - INFO - mode ALL COIN: 127 simbol (127 coin terdeteksi, emas selalu diikutkan)
2026-09-11 22:05:22,595 - INFO - mode ALL COIN: 127 simbol (127 coin terdeteksi, emas selalu diikutkan)
2026-09-11 22:05:53,364 - INFO - mode ALL COIN: 126 simbol (126 coin terdeteksi, emas selalu diikutkan)
2026-09-11 22:06:24,298 - INFO - mode ALL COIN: 126 simbol (126 coin terdeteksi, emas selalu diikutkan)
2026-09-11 22:06:54,720 - INFO - mode ALL COIN: 126 simbol (126 coin terdeteksi, emas selalu diikutkan)
2026-09-11 22:07:25,462 - INFO - mode ALL COIN: 126 simbol (126 coin terdeteksi, emas selalu diikutkan)
2026-09-11 22:07:56,481 - INFO - mode ALL COIN: 126 simbol (126 coin terdeteksi, emas selalu diikutkan)
2026-09-11 22:08:27,552 - INFO - mode ALL COIN: 126 simbol (126 coin terdeteksi, emas selalu diikutkan)
2026-09-11 22:08:58,691 - INFO - mode ALL COIN: 126 simbol (126 coin terdeteksi, emas selalu diikutkan)
2026-09-11 22:09:29,598 - INFO - mode ALL COIN: 126 simbol (126 coin terdeteksi, emas selalu diikutkan)
2026-09-11 22:10:00,440 - INFO - mode ALL COIN: 126 simbol (126 coin terdeteksi, emas selalu diikutkan)
2026-09-11 22:10:31,556 - INFO - mode ALL COIN: 126 simbol (126 coin terdeteksi, emas selalu diikutkan)
2026-09-11 22:11:01,666 - INFO - mode ALL COIN: 126 simbol (126 coin terdeteksi, emas selalu diikutkan)
2026-09-11 22:11:32,103 - INFO - mode ALL COIN: 126 simbol (126 coin terdeteksi, emas selalu diikutkan)
2026-09-11 22:12:02,377 - INFO - mode ALL COIN: 127 simbol (127 coin terdeteksi, emas selalu diikutkan)
2026-09-11 22:12:33,290 - INFO - mode ALL COIN: 127 simbol (127 coin terdeteksi, emas selalu diikutkan)
2026-09-11 22:13:04,453 - INFO - mode ALL COIN: 127 simbol (127 coin terdeteksi, emas selalu diikutkan)
2026-09-11 22:13:36,199 - INFO - mode ALL COIN: 127 simbol (127 coin terdeteksi, emas selalu diikutkan)
2026-09-11 22:14:08,120 - INFO - mode ALL COIN: 127 simbol (127 coin terdeteksi, emas selalu diikutkan)
2026-09-11 22:14:39,975 - INFO - mode ALL COIN: 127 simbol (127 coin terdeteksi, emas selalu diikutkan)
2026-09-11 22:15:10,538 - INFO - mode ALL COIN: 127 simbol (127 coin terdeteksi, emas selalu diikutkan)
2026-09-11 22:15:40,408 - INFO - mode ALL COIN: 127 simbol (127 coin terdeteksi, emas selalu diikutkan)
2026-09-11 22:16:09,909 - INFO - mode ALL COIN: 127 simbol (127 coin terdeteksi, emas selalu diikutkan)
2026-09-11 22:16:40,012 - INFO - mode ALL COIN: 126 simbol (126 coin terdeteksi, emas selalu diikutkan)
2026-09-11 22:17:09,934 - INFO - mode ALL COIN: 126 simbol (126 coin terdeteksi, emas selalu diikutkan)
2026-09-11 22:17:39,953 - INFO - mode ALL COIN: 126 simbol (126 coin terdeteksi, emas selalu diikutkan)
2026-09-11 22:18:10,531 - INFO - mode ALL COIN: 126 simbol (126 coin terdeteksi, emas selalu diikutkan)
2026-09-11 22:18:41,456 - INFO - mode ALL COIN: 126 simbol (126 coin terdeteksi, emas selalu diikutkan)
2026-09-11 22:19:12,901 - INFO - mode ALL COIN: 125 simbol (125 coin terdeteksi, emas selalu diikutkan)
2026-09-11 22:19:46,005 - INFO - mode ALL COIN: 125 simbol (125 coin terdeteksi, emas selalu diikutkan)
2026-09-11 22:20:19,220 - INFO - mode ALL COIN: 127 simbol (127 coin terdeteksi, emas selalu diikutkan)
2026-09-11 22:20:52,073 - INFO - mode ALL COIN: 127 simbol (127 coin terdeteksi, emas selalu diikutkan)
2026-09-11 22:21:24,730 - INFO - mode ALL COIN: 126 simbol (126 coin terdeteksi, emas selalu diikutkan)
2026-09-11 22:21:56,963 - INFO - mode ALL COIN: 126 simbol (126 coin terdeteksi, emas selalu diikutkan)
2026-09-11 22:22:28,643 - INFO - mode ALL COIN: 127 simbol (127 coin terdeteksi, emas selalu diikutkan)
2026-09-11 22:22:59,044 - INFO - mode ALL COIN: 127 simbol (127 coin terdeteksi, emas selalu diikutkan)
2026-09-11 22:23:29,034 - INFO - mode ALL COIN: 127 simbol (127 coin terdeteksi, emas selalu diikutkan)
2026-09-11 22:23:58,612 - INFO - mode ALL COIN: 127 simbol (127 coin terdeteksi, emas selalu diikutkan)
2026-09-11 22:24:28,494 - INFO - mode ALL COIN: 127 simbol (127 coin terdeteksi, emas selalu diikutkan)
2026-09-11 22:24:58,589 - INFO - mode ALL COIN: 127 simbol (127 coin terdeteksi, emas selalu diikutkan)
2026-09-11 22:25:28,810 - INFO - mode ALL COIN: 127 simbol (127 coin terdeteksi, emas selalu diikutkan)
2026-09-11 22:25:59,291 - INFO - mode ALL COIN: 127 simbol (127 coin terdeteksi, emas selalu diikutkan)
2026-09-11 22:26:30,214 - INFO - mode ALL COIN: 127 simbol (127 coin terdeteksi, emas selalu diikutkan)
2026-09-11 22:27:00,781 - INFO - mode ALL COIN: 127 simbol (127 coin terdeteksi, emas selalu diikutkan)
2026-09-11 22:27:31,601 - INFO - mode ALL COIN: 127 simbol (127 coin terdeteksi, emas selalu diikutkan)
2026-09-11 22:28:02,175 - INFO - mode ALL COIN: 127 simbol (127 coin terdeteksi, emas selalu diikutkan)
2026-09-11 22:28:33,169 - INFO - mode ALL COIN: 127 simbol (127 coin terdeteksi, emas selalu diikutkan)
2026-09-11 22:28:33,682 - INFO - ■ TIAUSDT closed-ex ditutup — PnL +1.00$ (ROI +8.6%)
2026-09-11 22:28:33,682 - INFO - TIAUSDT closed-ex ditutup — PnL +1.00$ (ROI +8.6%)
2026-09-11 22:29:04,651 - INFO - mode ALL COIN: 127 simbol (127 coin terdeteksi, emas selalu diikutkan)
2026-09-11 22:29:34,653 - INFO - mode ALL COIN: 127 simbol (127 coin terdeteksi, emas selalu diikutkan)
2026-09-11 22:30:04,377 - INFO - mode ALL COIN: 127 simbol (127 coin terdeteksi, emas selalu diikutkan)
2026-09-11 22:30:10,479 - INFO - ◈ SOPHUSDT GE-R3 SHORT | 15M 3/4 · 1H +0 · 4H +0 | zona ▲S 9.9/10 @ 0.00465348-0.004536 | RR 1.89
2026-09-11 22:30:10,479 - INFO - SOPHUSDT setup GE-R3 SHORT zone 9.9/10 rr 1.89
2026-09-11 22:30:10,529 - INFO - SOPHUSDT lev 12x (std ALT 25x · akun real · REAL=DEMO)
2026-09-11 22:30:11,774 - INFO - ▼ SHORT SOPHUSDT [GE-R3] @ 0.00453591 12x | 15M 3/4 9.9/10 RR 1.89 TP 0.00414944 SL 0.00472939
2026-09-11 22:30:11,774 - INFO - SOPHUSDT ENTRY Sell @ 0.00453591 12x TP 0.00414944 SL 0.00472939 zone 9.9/10 rr 1.89
2026-09-11 22:30:35,495 - INFO - mode ALL COIN: 127 simbol (127 coin terdeteksi, emas selalu diikutkan)
2026-09-11 22:31:05,019 - INFO - mode ALL COIN: 127 simbol (127 coin terdeteksi, emas selalu diikutkan)
2026-09-11 22:31:35,346 - INFO - mode ALL COIN: 127 simbol (127 coin terdeteksi, emas selalu diikutkan)
2026-09-11 22:31:40,009 - INFO - ◈ ALGOUSDT GE-R3 SHORT | 15M 3/4 · 1H +0 · 4H -1 | zona ▲S 5.4/10 @ 0.0944438-0.09424 | RR 6.59
2026-09-11 22:31:40,009 - INFO - ALGOUSDT setup GE-R3 SHORT zone 5.4/10 rr 6.59
2026-09-11 22:31:40,049 - INFO - ALGOUSDT lev 25x (std ALT 25x · akun real · REAL=DEMO)
2026-09-11 22:31:41,296 - INFO - ▼ SHORT ALGOUSDT [GE-R3] @ 0.0942553 25x | 15M 3/4 5.4/10 RR 6.59 TP 0.0897082 SL 0.0948124
2026-09-11 22:31:41,296 - INFO - ALGOUSDT ENTRY Sell @ 0.0942553 25x TP 0.0897082 SL 0.0948124 zone 5.4/10 rr 6.59
2026-09-11 22:32:07,398 - INFO - mode ALL COIN: 127 simbol (127 coin terdeteksi, emas selalu diikutkan)
2026-09-11 22:32:38,503 - INFO - mode ALL COIN: 127 simbol (127 coin terdeteksi, emas selalu diikutkan)
2026-09-11 22:33:09,756 - INFO - mode ALL COIN: 127 simbol (127 coin terdeteksi, emas selalu diikutkan)
2026-09-11 22:33:41,087 - INFO - mode ALL COIN: 127 simbol (127 coin terdeteksi, emas selalu diikutkan)
2026-09-11 22:34:12,565 - INFO - mode ALL COIN: 127 simbol (127 coin terdeteksi, emas selalu diikutkan)
2026-09-11 22:34:44,084 - INFO - mode ALL COIN: 127 simbol (127 coin terdeteksi, emas selalu diikutkan)
2026-09-11 22:35:16,462 - INFO - mode ALL COIN: 127 simbol (127 coin terdeteksi, emas selalu diikutkan)
2026-09-11 22:35:49,245 - INFO - mode ALL COIN: 127 simbol (127 coin terdeteksi, emas selalu diikutkan)
2026-09-11 22:36:23,804 - INFO - mode ALL COIN: 127 simbol (127 coin terdeteksi, emas selalu diikutkan)
2026-09-11 22:36:57,727 - INFO - mode ALL COIN: 127 simbol (127 coin terdeteksi, emas selalu diikutkan)
2026-09-11 22:37:31,418 - INFO - mode ALL COIN: 127 simbol (127 coin terdeteksi, emas selalu diikutkan)
2026-09-11 22:38:04,482 - INFO - mode ALL COIN: 127 simbol (127 coin terdeteksi, emas selalu diikutkan)
2026-09-11 22:38:37,271 - INFO - mode ALL COIN: 127 simbol (127 coin terdeteksi, emas selalu diikutkan)
2026-09-11 22:39:08,427 - INFO - mode ALL COIN: 127 simbol (127 coin terdeteksi, emas selalu diikutkan)
2026-09-11 22:39:39,076 - INFO - mode ALL COIN: 128 simbol (128 coin terdeteksi, emas selalu diikutkan)
2026-09-11 22:40:09,394 - INFO - mode ALL COIN: 128 simbol (128 coin terdeteksi, emas selalu diikutkan)
2026-09-11 22:40:40,042 - INFO - mode ALL COIN: 128 simbol (128 coin terdeteksi, emas selalu diikutkan)
2026-09-11 22:41:10,552 - INFO - mode ALL COIN: 128 simbol (128 coin terdeteksi, emas selalu diikutkan)
2026-09-11 22:41:41,050 - INFO - mode ALL COIN: 128 simbol (128 coin terdeteksi, emas selalu diikutkan)
2026-09-11 22:42:11,731 - INFO - mode ALL COIN: 128 simbol (128 coin terdeteksi, emas selalu diikutkan)
2026-09-11 22:42:42,697 - INFO - mode ALL COIN: 128 simbol (128 coin terdeteksi, emas selalu diikutkan)
2026-09-11 22:43:13,154 - INFO - mode ALL COIN: 128 simbol (128 coin terdeteksi, emas selalu diikutkan)
2026-09-11 22:43:43,910 - INFO - mode ALL COIN: 128 simbol (128 coin terdeteksi, emas selalu diikutkan)
2026-09-11 22:44:14,977 - INFO - mode ALL COIN: 128 simbol (128 coin terdeteksi, emas selalu diikutkan)
2026-09-11 22:44:46,559 - INFO - mode ALL COIN: 128 simbol (128 coin terdeteksi, emas selalu diikutkan)
2026-09-11 22:45:18,376 - INFO - mode ALL COIN: 128 simbol (128 coin terdeteksi, emas selalu diikutkan)
2026-09-11 22:45:50,566 - INFO - mode ALL COIN: 128 simbol (128 coin terdeteksi, emas selalu diikutkan)
2026-09-11 22:45:52,377 - INFO - [BE] ALGOUSDT BE @ 0.0940951 (1.14R)
2026-09-11 22:46:22,442 - INFO - mode ALL COIN: 128 simbol (128 coin terdeteksi, emas selalu diikutkan)
2026-09-11 22:46:53,849 - INFO - mode ALL COIN: 128 simbol (128 coin terdeteksi, emas selalu diikutkan)
2026-09-11 22:47:24,825 - INFO - mode ALL COIN: 128 simbol (128 coin terdeteksi, emas selalu diikutkan)
2026-09-11 22:47:56,041 - INFO - mode ALL COIN: 127 simbol (127 coin terdeteksi, emas selalu diikutkan)
2026-09-11 22:48:26,273 - INFO - mode ALL COIN: 127 simbol (127 coin terdeteksi, emas selalu diikutkan)
2026-09-11 22:48:56,918 - INFO - mode ALL COIN: 127 simbol (127 coin terdeteksi, emas selalu diikutkan)
2026-09-11 22:49:27,350 - INFO - mode ALL COIN: 127 simbol (127 coin terdeteksi, emas selalu diikutkan)
2026-09-11 22:49:57,789 - INFO - mode ALL COIN: 127 simbol (127 coin terdeteksi, emas selalu diikutkan)
2026-09-11 22:50:28,262 - INFO - mode ALL COIN: 127 simbol (127 coin terdeteksi, emas selalu diikutkan)
2026-09-11 22:50:58,501 - INFO - mode ALL COIN: 127 simbol (127 coin terdeteksi, emas selalu diikutkan)
2026-09-11 22:51:29,748 - INFO - mode ALL COIN: 127 simbol (127 coin terdeteksi, emas selalu diikutkan)
2026-09-11 22:52:01,188 - INFO - mode ALL COIN: 127 simbol (127 coin terdeteksi, emas selalu diikutkan)
2026-09-11 22:52:03,154 - INFO - » ALGOUSDT trailing @ 2.20R
2026-09-11 22:52:33,715 - INFO - mode ALL COIN: 127 simbol (127 coin terdeteksi, emas selalu diikutkan)
2026-09-11 22:53:06,598 - INFO - mode ALL COIN: 127 simbol (127 coin terdeteksi, emas selalu diikutkan)
2026-09-11 22:53:39,768 - INFO - mode ALL COIN: 127 simbol (127 coin terdeteksi, emas selalu diikutkan)
2026-09-11 22:54:12,665 - INFO - mode ALL COIN: 128 simbol (128 coin terdeteksi, emas selalu diikutkan)
2026-09-11 22:54:45,439 - INFO - mode ALL COIN: 128 simbol (128 coin terdeteksi, emas selalu diikutkan)
2026-09-11 22:55:17,258 - INFO - mode ALL COIN: 130 simbol (130 coin terdeteksi, emas selalu diikutkan)
2026-09-11 22:55:49,081 - INFO - mode ALL COIN: 130 simbol (130 coin terdeteksi, emas selalu diikutkan)
2026-09-11 22:56:21,248 - INFO - mode ALL COIN: 130 simbol (130 coin terdeteksi, emas selalu diikutkan)
2026-09-11 22:56:53,938 - INFO - mode ALL COIN: 130 simbol (130 coin terdeteksi, emas selalu diikutkan)
2026-09-11 22:57:26,509 - INFO - mode ALL COIN: 129 simbol (129 coin terdeteksi, emas selalu diikutkan)
2026-09-11 22:57:59,046 - INFO - mode ALL COIN: 129 simbol (129 coin terdeteksi, emas selalu diikutkan)
2026-09-11 22:58:32,062 - INFO - mode ALL COIN: 129 simbol (129 coin terdeteksi, emas selalu diikutkan)
2026-09-11 22:59:04,714 - INFO - mode ALL COIN: 129 simbol (129 coin terdeteksi, emas selalu diikutkan)
2026-09-11 22:59:35,678 - INFO - mode ALL COIN: 129 simbol (129 coin terdeteksi, emas selalu diikutkan)
2026-09-11 23:00:07,118 - INFO - mode ALL COIN: 129 simbol (129 coin terdeteksi, emas selalu diikutkan)
2026-09-11 23:00:08,996 - ERROR - Too many visits. Exceeded the API Rate Limit. (ErrCode: 10006). Hit the API rate limit on https://api.bybit.com/v5/market/kline?category=linear&interval=240&limit=500&symbol=BTCUSDT. Sleeping then trying again.
2026-09-11 23:00:08,996 - ERROR - API rate limit will reset at 00:00:10.996. Sleeping for 2000 ms. Retrying...
2026-09-11 23:00:11,578 - ERROR - Too many visits. Exceeded the API Rate Limit. (ErrCode: 10006). Hit the API rate limit on https://api.bybit.com/v5/market/kline?category=linear&interval=15&limit=500&symbol=GRAMUSDT. Sleeping then trying again.
2026-09-11 23:00:11,578 - ERROR - API rate limit will reset at 00:00:13.578. Sleeping for 2000 ms. Retrying...
2026-09-11 23:00:14,848 - ERROR - Too many visits. Exceeded the API Rate Limit. (ErrCode: 10006). Hit the API rate limit on https://api.bybit.com/v5/market/kline?category=linear&interval=15&limit=500&symbol=NBISUSDT. Sleeping then trying again.
2026-09-11 23:00:14,848 - ERROR - API rate limit will reset at 00:00:16.848. Sleeping for 2000 ms. Retrying...
2026-09-11 23:00:18,851 - ERROR - Too many visits. Exceeded the API Rate Limit. (ErrCode: 10006). Hit the API rate limit on https://api.bybit.com/v5/market/kline?category=linear&interval=240&limit=500&symbol=XCNUSDT. Sleeping then trying again.
2026-09-11 23:00:18,851 - ERROR - API rate limit will reset at 00:00:20.851. Sleeping for 2000 ms. Retrying...
2026-09-11 23:00:46,983 - INFO - mode ALL COIN: 129 simbol (129 coin terdeteksi, emas selalu diikutkan)
2026-09-11 23:01:19,911 - INFO - mode ALL COIN: 129 simbol (129 coin terdeteksi, emas selalu diikutkan)
2026-09-11 23:01:52,770 - INFO - mode ALL COIN: 129 simbol (129 coin terdeteksi, emas selalu diikutkan)
2026-09-11 23:02:25,478 - INFO - mode ALL COIN: 129 simbol (129 coin terdeteksi, emas selalu diikutkan)
2026-09-11 23:02:58,137 - INFO - mode ALL COIN: 129 simbol (129 coin terdeteksi, emas selalu diikutkan)
2026-09-11 23:03:30,520 - INFO - mode ALL COIN: 129 simbol (129 coin terdeteksi, emas selalu diikutkan)
2026-09-11 23:04:02,730 - INFO - mode ALL COIN: 129 simbol (129 coin terdeteksi, emas selalu diikutkan)
2026-09-11 23:04:34,859 - INFO - mode ALL COIN: 129 simbol (129 coin terdeteksi, emas selalu diikutkan)
2026-09-11 23:05:06,318 - INFO - mode ALL COIN: 129 simbol (129 coin terdeteksi, emas selalu diikutkan)
2026-09-11 23:05:37,826 - INFO - mode ALL COIN: 129 simbol (129 coin terdeteksi, emas selalu diikutkan)
2026-09-11 23:06:09,100 - INFO - mode ALL COIN: 129 simbol (129 coin terdeteksi, emas selalu diikutkan)
2026-09-11 23:06:39,542 - INFO - mode ALL COIN: 129 simbol (129 coin terdeteksi, emas selalu diikutkan)
2026-09-11 23:07:10,111 - INFO - mode ALL COIN: 129 simbol (129 coin terdeteksi, emas selalu diikutkan)
2026-09-11 23:07:40,067 - INFO - mode ALL COIN: 129 simbol (129 coin terdeteksi, emas selalu diikutkan)
2026-09-11 23:08:10,158 - INFO - mode ALL COIN: 129 simbol (129 coin terdeteksi, emas selalu diikutkan)
2026-09-11 23:08:40,795 - INFO - mode ALL COIN: 129 simbol (129 coin terdeteksi, emas selalu diikutkan)
2026-09-11 23:09:11,490 - INFO - mode ALL COIN: 129 simbol (129 coin terdeteksi, emas selalu diikutkan)
2026-09-11 23:09:43,329 - INFO - mode ALL COIN: 129 simbol (129 coin terdeteksi, emas selalu diikutkan)
2026-09-11 23:10:15,511 - INFO - mode ALL COIN: 129 simbol (129 coin terdeteksi, emas selalu diikutkan)
2026-09-11 23:10:48,282 - INFO - mode ALL COIN: 129 simbol (129 coin terdeteksi, emas selalu diikutkan)
2026-09-11 23:11:20,772 - INFO - mode ALL COIN: 129 simbol (129 coin terdeteksi, emas selalu diikutkan)
2026-09-11 23:11:52,419 - INFO - mode ALL COIN: 129 simbol (129 coin terdeteksi, emas selalu diikutkan)
2026-09-11 23:12:23,564 - INFO - mode ALL COIN: 129 simbol (129 coin terdeteksi, emas selalu diikutkan)
2026-09-11 23:12:54,778 - INFO - mode ALL COIN: 129 simbol (129 coin terdeteksi, emas selalu diikutkan)
2026-09-11 23:13:26,430 - INFO - mode ALL COIN: 129 simbol (129 coin terdeteksi, emas selalu diikutkan)
2026-09-11 23:13:57,667 - INFO - mode ALL COIN: 129 simbol (129 coin terdeteksi, emas selalu diikutkan)
2026-09-11 23:14:29,213 - INFO - mode ALL COIN: 129 simbol (129 coin terdeteksi, emas selalu diikutkan)
2026-09-11 23:15:00,408 - INFO - mode ALL COIN: 129 simbol (129 coin terdeteksi, emas selalu diikutkan)
2026-09-11 23:15:31,459 - INFO - mode ALL COIN: 129 simbol (129 coin terdeteksi, emas selalu diikutkan)
2026-09-11 23:16:01,883 - INFO - mode ALL COIN: 129 simbol (129 coin terdeteksi, emas selalu diikutkan)
2026-09-11 23:16:32,506 - INFO - mode ALL COIN: 129 simbol (129 coin terdeteksi, emas selalu diikutkan)
2026-09-11 23:17:03,344 - INFO - mode ALL COIN: 129 simbol (129 coin terdeteksi, emas selalu diikutkan)
2026-09-11 23:17:34,422 - INFO - mode ALL COIN: 129 simbol (129 coin terdeteksi, emas selalu diikutkan)
2026-09-11 23:18:05,787 - INFO - mode ALL COIN: 129 simbol (129 coin terdeteksi, emas selalu diikutkan)
2026-09-11 23:18:37,062 - INFO - mode ALL COIN: 129 simbol (129 coin terdeteksi, emas selalu diikutkan)
2026-09-11 23:18:37,716 - INFO - ■ SOPHUSDT closed-ex ditutup — PnL +0.66$ (ROI +11.9%)
2026-09-11 23:18:37,716 - INFO - SOPHUSDT closed-ex ditutup — PnL +0.66$ (ROI +11.9%)
2026-09-11 23:19:09,370 - INFO - mode ALL COIN: 129 simbol (129 coin terdeteksi, emas selalu diikutkan)
2026-09-11 23:19:40,251 - INFO - mode ALL COIN: 129 simbol (129 coin terdeteksi, emas selalu diikutkan)
2026-09-11 23:20:10,761 - INFO - mode ALL COIN: 129 simbol (129 coin terdeteksi, emas selalu diikutkan)
2026-09-11 23:20:41,521 - INFO - mode ALL COIN: 129 simbol (129 coin terdeteksi, emas selalu diikutkan)
2026-09-11 23:21:12,214 - INFO - mode ALL COIN: 129 simbol (129 coin terdeteksi, emas selalu diikutkan)
2026-09-11 23:21:43,631 - INFO - mode ALL COIN: 129 simbol (129 coin terdeteksi, emas selalu diikutkan)
2026-09-11 23:22:14,688 - INFO - mode ALL COIN: 129 simbol (129 coin terdeteksi, emas selalu diikutkan)
2026-09-11 23:22:45,784 - INFO - mode ALL COIN: 129 simbol (129 coin terdeteksi, emas selalu diikutkan)
2026-09-11 23:23:16,626 - INFO - mode ALL COIN: 129 simbol (129 coin terdeteksi, emas selalu diikutkan)
2026-09-11 23:23:47,297 - INFO - mode ALL COIN: 129 simbol (129 coin terdeteksi, emas selalu diikutkan)
2026-09-11 23:24:17,306 - INFO - mode ALL COIN: 129 simbol (129 coin terdeteksi, emas selalu diikutkan)
2026-09-11 23:24:47,146 - INFO - mode ALL COIN: 129 simbol (129 coin terdeteksi, emas selalu diikutkan)
2026-09-11 23:25:17,134 - INFO - mode ALL COIN: 129 simbol (129 coin terdeteksi, emas selalu diikutkan)
2026-09-11 23:25:47,662 - INFO - mode ALL COIN: 129 simbol (129 coin terdeteksi, emas selalu diikutkan)
2026-09-11 23:26:18,635 - INFO - mode ALL COIN: 129 simbol (129 coin terdeteksi, emas selalu diikutkan)
2026-09-11 23:26:49,605 - INFO - mode ALL COIN: 129 simbol (129 coin terdeteksi, emas selalu diikutkan)
2026-09-11 23:27:21,035 - INFO - mode ALL COIN: 129 simbol (129 coin terdeteksi, emas selalu diikutkan)
2026-09-11 23:27:52,061 - INFO - mode ALL COIN: 129 simbol (129 coin terdeteksi, emas selalu diikutkan)
2026-09-11 23:28:22,697 - INFO - mode ALL COIN: 129 simbol (129 coin terdeteksi, emas selalu diikutkan)
2026-09-11 23:28:53,625 - INFO - mode ALL COIN: 129 simbol (129 coin terdeteksi, emas selalu diikutkan)
2026-09-11 23:29:23,631 - INFO - mode ALL COIN: 129 simbol (129 coin terdeteksi, emas selalu diikutkan)
2026-09-11 23:29:53,605 - INFO - mode ALL COIN: 129 simbol (129 coin terdeteksi, emas selalu diikutkan)
2026-09-11 23:30:23,556 - INFO - mode ALL COIN: 129 simbol (129 coin terdeteksi, emas selalu diikutkan)
2026-09-11 23:30:53,462 - INFO - mode ALL COIN: 129 simbol (129 coin terdeteksi, emas selalu diikutkan)
2026-09-11 23:31:23,418 - INFO - mode ALL COIN: 129 simbol (129 coin terdeteksi, emas selalu diikutkan)
2026-09-11 23:31:53,173 - INFO - mode ALL COIN: 129 simbol (129 coin terdeteksi, emas selalu diikutkan)
2026-09-11 23:32:24,028 - INFO - mode ALL COIN: 129 simbol (129 coin terdeteksi, emas selalu diikutkan)
2026-09-11 23:32:55,799 - INFO - mode ALL COIN: 129 simbol (129 coin terdeteksi, emas selalu diikutkan)
2026-09-11 23:33:27,802 - INFO - mode ALL COIN: 129 simbol (129 coin terdeteksi, emas selalu diikutkan)
2026-09-11 23:34:00,889 - INFO - mode ALL COIN: 129 simbol (129 coin terdeteksi, emas selalu diikutkan)
2026-09-11 23:34:02,128 - INFO - [BE] NESAUSDT BE @ 0.141941 (1.02R)
2026-09-11 23:34:33,561 - INFO - mode ALL COIN: 129 simbol (129 coin terdeteksi, emas selalu diikutkan)
2026-09-11 23:35:06,205 - INFO - mode ALL COIN: 129 simbol (129 coin terdeteksi, emas selalu diikutkan)
2026-09-11 23:35:38,531 - INFO - mode ALL COIN: 129 simbol (129 coin terdeteksi, emas selalu diikutkan)
2026-09-11 23:36:09,883 - INFO - mode ALL COIN: 129 simbol (129 coin terdeteksi, emas selalu diikutkan)
2026-09-11 23:36:40,143 - INFO - mode ALL COIN: 128 simbol (128 coin terdeteksi, emas selalu diikutkan)
2026-09-11 23:37:10,248 - INFO - mode ALL COIN: 128 simbol (128 coin terdeteksi, emas selalu diikutkan)
2026-09-11 23:37:39,751 - INFO - mode ALL COIN: 128 simbol (128 coin terdeteksi, emas selalu diikutkan)
2026-09-11 23:38:09,693 - INFO - mode ALL COIN: 128 simbol (128 coin terdeteksi, emas selalu diikutkan)
2026-09-11 23:38:39,690 - INFO - mode ALL COIN: 128 simbol (128 coin terdeteksi, emas selalu diikutkan)
2026-09-11 23:39:09,640 - INFO - mode ALL COIN: 128 simbol (128 coin terdeteksi, emas selalu diikutkan)
2026-09-11 23:39:40,182 - INFO - mode ALL COIN: 128 simbol (128 coin terdeteksi, emas selalu diikutkan)
2026-09-11 23:40:10,437 - INFO - mode ALL COIN: 128 simbol (128 coin terdeteksi, emas selalu diikutkan)
2026-09-11 23:40:41,492 - INFO - mode ALL COIN: 127 simbol (127 coin terdeteksi, emas selalu diikutkan)
2026-09-11 23:41:12,855 - INFO - mode ALL COIN: 127 simbol (127 coin terdeteksi, emas selalu diikutkan)
2026-09-11 23:41:44,578 - INFO - mode ALL COIN: 125 simbol (125 coin terdeteksi, emas selalu diikutkan)
2026-09-11 23:42:15,961 - INFO - mode ALL COIN: 125 simbol (125 coin terdeteksi, emas selalu diikutkan)
2026-09-11 23:42:47,151 - INFO - mode ALL COIN: 125 simbol (125 coin terdeteksi, emas selalu diikutkan)
2026-09-11 23:43:18,078 - INFO - mode ALL COIN: 125 simbol (125 coin terdeteksi, emas selalu diikutkan)
2026-09-11 23:43:49,211 - INFO - mode ALL COIN: 125 simbol (125 coin terdeteksi, emas selalu diikutkan)
2026-09-11 23:44:19,509 - INFO - mode ALL COIN: 125 simbol (125 coin terdeteksi, emas selalu diikutkan)
2026-09-11 23:44:49,806 - INFO - mode ALL COIN: 125 simbol (125 coin terdeteksi, emas selalu diikutkan)
2026-09-11 23:44:51,034 - INFO - ■ NESAUSDT closed-ex ditutup — PnL +3.65$ (ROI +62.2%)
2026-09-11 23:44:51,034 - INFO - NESAUSDT closed-ex ditutup — PnL +3.65$ (ROI +62.2%)
2026-09-11 23:45:20,791 - INFO - mode ALL COIN: 125 simbol (125 coin terdeteksi, emas selalu diikutkan)
2026-09-11 23:45:51,251 - INFO - mode ALL COIN: 125 simbol (125 coin terdeteksi, emas selalu diikutkan)
2026-09-11 23:46:21,751 - INFO - mode ALL COIN: 125 simbol (125 coin terdeteksi, emas selalu diikutkan)
2026-09-11 23:46:52,486 - INFO - mode ALL COIN: 125 simbol (125 coin terdeteksi, emas selalu diikutkan)
2026-09-11 23:47:23,142 - INFO - mode ALL COIN: 125 simbol (125 coin terdeteksi, emas selalu diikutkan)
2026-09-11 23:47:53,052 - INFO - mode ALL COIN: 125 simbol (125 coin terdeteksi, emas selalu diikutkan)
2026-09-11 23:48:21,991 - INFO - mode ALL COIN: 125 simbol (125 coin terdeteksi, emas selalu diikutkan)
2026-09-11 23:48:51,603 - INFO - mode ALL COIN: 125 simbol (125 coin terdeteksi, emas selalu diikutkan)
2026-09-11 23:49:20,789 - INFO - mode ALL COIN: 125 simbol (125 coin terdeteksi, emas selalu diikutkan)
2026-09-11 23:49:50,745 - INFO - mode ALL COIN: 125 simbol (125 coin terdeteksi, emas selalu diikutkan)
2026-09-11 23:49:51,333 - INFO - ■ ALGOUSDT closed-ex ditutup — PnL +5.85$ (ROI +40.5%)
2026-09-11 23:49:51,333 - INFO - ALGOUSDT closed-ex ditutup — PnL +5.85$ (ROI +40.5%)
2026-09-11 23:50:21,662 - INFO - mode ALL COIN: 125 simbol (125 coin terdeteksi, emas selalu diikutkan)
2026-09-11 23:50:51,701 - INFO - mode ALL COIN: 125 simbol (125 coin terdeteksi, emas selalu diikutkan)
2026-09-11 23:50:51,736 - INFO - ⇄ [SYNC] ALGOUSDT ▲ LONG 10866.4 @ 0.09251008 DIADOSI dari bursa — metode [M1-H · G-AMAN] (SL 0.0948124 · TP 0.0897082)
2026-09-11 23:50:51,736 - INFO - [SYNC] ALGOUSDT Buy 10866.4 @ 0.09251008 kind=VARH tp1_done=False — diadopsi ke STATES
2026-09-11 23:51:21,738 - INFO - mode ALL COIN: 125 simbol (125 coin terdeteksi, emas selalu diikutkan)
2026-09-11 23:51:22,271 - INFO - ⚠ ALGOUSDT POSISI TANPA SL — dipasang ulang @ 0.0913905
2026-09-11 23:51:51,784 - INFO - mode ALL COIN: 125 simbol (125 coin terdeteksi, emas selalu diikutkan)
2026-09-11 23:52:21,229 - INFO - mode ALL COIN: 125 simbol (125 coin terdeteksi, emas selalu diikutkan)
2026-09-11 23:52:50,831 - INFO - mode ALL COIN: 125 simbol (125 coin terdeteksi, emas selalu diikutkan)
2026-09-11 23:53:19,699 - INFO - mode ALL COIN: 125 simbol (125 coin terdeteksi, emas selalu diikutkan)
2026-09-11 23:53:49,231 - INFO - mode ALL COIN: 125 simbol (125 coin terdeteksi, emas selalu diikutkan)
2026-09-11 23:54:19,130 - INFO - mode ALL COIN: 125 simbol (125 coin terdeteksi, emas selalu diikutkan)
2026-09-11 23:54:49,520 - INFO - mode ALL COIN: 125 simbol (125 coin terdeteksi, emas selalu diikutkan)
2026-09-11 23:55:20,309 - INFO - mode ALL COIN: 125 simbol (125 coin terdeteksi, emas selalu diikutkan)
2026-09-11 23:55:21,098 - ERROR - naked ALGOUSDT: StopLoss:9138000 set for Sell position should greater base_price:9268000??LastPrice (ErrCode: 10001) (ErrTime: 16:55:21).
Request → POST https://api.bybit.com/v5/position/trading-stop: {"category": "linear", "symbol": "ALGOUSDT", "stopLoss": "0.0913895226", "positionIdx": 0}.
2026-09-11 23:55:51,100 - INFO - mode ALL COIN: 125 simbol (125 coin terdeteksi, emas selalu diikutkan)
2026-09-11 23:55:51,635 - ERROR - naked ALGOUSDT: StopLoss:9138000 set for Sell position should greater base_price:9280000??LastPrice (ErrCode: 10001) (ErrTime: 16:55:51).
Request → POST https://api.bybit.com/v5/position/trading-stop: {"category": "linear", "symbol": "ALGOUSDT", "stopLoss": "0.0913895226", "positionIdx": 0}.
2026-09-11 23:56:22,184 - INFO - mode ALL COIN: 125 simbol (125 coin terdeteksi, emas selalu diikutkan)
2026-09-11 23:56:22,814 - ERROR - naked ALGOUSDT: StopLoss:9138000 set for Sell position should greater base_price:9280000??LastPrice (ErrCode: 10001) (ErrTime: 16:56:22).
Request → POST https://api.bybit.com/v5/position/trading-stop: {"category": "linear", "symbol": "ALGOUSDT", "stopLoss": "0.0913895226", "positionIdx": 0}.
2026-09-11 23:56:53,062 - INFO - mode ALL COIN: 125 simbol (125 coin terdeteksi, emas selalu diikutkan)
2026-09-11 23:56:53,675 - ERROR - naked ALGOUSDT: StopLoss:9138000 set for Sell position should greater base_price:9282000??LastPrice (ErrCode: 10001) (ErrTime: 16:56:53).
Request → POST https://api.bybit.com/v5/position/trading-stop: {"category": "linear", "symbol": "ALGOUSDT", "stopLoss": "0.0913895226", "positionIdx": 0}.
2026-09-11 23:57:24,799 - INFO - mode ALL COIN: 125 simbol (125 coin terdeteksi, emas selalu diikutkan)
2026-09-11 23:57:25,319 - ERROR - naked ALGOUSDT: StopLoss:9138000 set for Sell position should greater base_price:9278000??LastPrice (ErrCode: 10001) (ErrTime: 16:57:25).
Request → POST https://api.bybit.com/v5/position/trading-stop: {"category": "linear", "symbol": "ALGOUSDT", "stopLoss": "0.0913895226", "positionIdx": 0}.
2026-09-11 23:57:56,238 - INFO - mode ALL COIN: 125 simbol (125 coin terdeteksi, emas selalu diikutkan)
2026-09-11 23:57:56,748 - ERROR - naked ALGOUSDT: StopLoss:9138000 set for Sell position should greater base_price:9290000??LastPrice (ErrCode: 10001) (ErrTime: 16:57:56).
Request → POST https://api.bybit.com/v5/position/trading-stop: {"category": "linear", "symbol": "ALGOUSDT", "stopLoss": "0.0913895226", "positionIdx": 0}.
2026-09-11 23:58:27,116 - INFO - mode ALL COIN: 125 simbol (125 coin terdeteksi, emas selalu diikutkan)
2026-09-11 23:58:27,615 - ERROR - naked ALGOUSDT: StopLoss:9138000 set for Sell position should greater base_price:9291000??LastPrice (ErrCode: 10001) (ErrTime: 16:58:27).
Request → POST https://api.bybit.com/v5/position/trading-stop: {"category": "linear", "symbol": "ALGOUSDT", "stopLoss": "0.0913895226", "positionIdx": 0}.
2026-09-11 23:58:56,898 - INFO - mode ALL COIN: 125 simbol (125 coin terdeteksi, emas selalu diikutkan)
2026-09-11 23:58:57,417 - ERROR - naked ALGOUSDT: StopLoss:9138000 set for Sell position should greater base_price:9298000??LastPrice (ErrCode: 10001) (ErrTime: 16:58:57).
Request → POST https://api.bybit.com/v5/position/trading-stop: {"category": "linear", "symbol": "ALGOUSDT", "stopLoss": "0.0913895226", "positionIdx": 0}.
2026-09-11 23:59:26,256 - INFO - mode ALL COIN: 125 simbol (125 coin terdeteksi, emas selalu diikutkan)
2026-09-11 23:59:26,780 - ERROR - naked ALGOUSDT: StopLoss:9138000 set for Sell position should greater base_price:9299000??LastPrice (ErrCode: 10001) (ErrTime: 16:59:26).
Request → POST https://api.bybit.com/v5/position/trading-stop: {"category": "linear", "symbol": "ALGOUSDT", "stopLoss": "0.0913886976", "positionIdx": 0}.
2026-09-11 23:59:55,239 - INFO - mode ALL COIN: 125 simbol (125 coin terdeteksi, emas selalu diikutkan)
2026-09-11 23:59:55,749 - ERROR - naked ALGOUSDT: StopLoss:9138000 set for Sell position should greater base_price:9299000??LastPrice (ErrCode: 10001) (ErrTime: 16:59:55).
Request → POST https://api.bybit.com/v5/position/trading-stop: {"category": "linear", "symbol": "ALGOUSDT", "stopLoss": "0.0913886976", "positionIdx": 0}.
2026-09-12 00:00:24,148 - INFO - mode ALL COIN: 125 simbol (125 coin terdeteksi, emas selalu diikutkan)
2026-09-12 00:00:24,714 - ERROR - naked ALGOUSDT: StopLoss:9139000 set for Sell position should greater base_price:9314000??LastPrice (ErrCode: 10001) (ErrTime: 17:00:24).
Request → POST https://api.bybit.com/v5/position/trading-stop: {"category": "linear", "symbol": "ALGOUSDT", "stopLoss": "0.0913928325", "positionIdx": 0}.
2026-09-12 00:00:24,724 - ERROR - manage ALGOUSDT: StopLoss:9266000 set for Sell position should greater base_price:9314000??LastPrice (ErrCode: 10001) (ErrTime: 17:00:24).
Request → POST https://api.bybit.com/v5/position/trading-stop: {"category": "linear", "symbol": "ALGOUSDT", "stopLoss": "0.0926673471", "positionIdx": 0}.
2026-09-12 00:00:31,090 - ERROR - Too many visits. Exceeded the API Rate Limit. (ErrCode: 10006). Hit the API rate limit on https://api.bybit.com/v5/market/kline?category=linear&interval=15&limit=500&symbol=HOODUSDT. Sleeping then trying again.
2026-09-12 00:00:31,090 - ERROR - API rate limit will reset at 01:00:33.090. Sleeping for 2000 ms. Retrying...
2026-09-12 00:00:55,103 - INFO - mode ALL COIN: 125 simbol (125 coin terdeteksi, emas selalu diikutkan)
2026-09-12 00:00:55,359 - WARNING - MODAL WARN: ⚠ RUGI BESAR ALGOUSDT — ALGOUSDT rugi $-7.07 melebihi hard cap $6.84. Pertimbangkan cut / cek SL!
2026-09-12 00:00:55,837 - ERROR - naked ALGOUSDT: StopLoss:9139000 set for Sell position should greater base_price:9304000??LastPrice (ErrCode: 10001) (ErrTime: 17:00:55).
Request → POST https://api.bybit.com/v5/position/trading-stop: {"category": "linear", "symbol": "ALGOUSDT", "stopLoss": "0.0913926825", "positionIdx": 0}.
2026-09-12 00:01:25,362 - INFO - mode ALL COIN: 125 simbol (125 coin terdeteksi, emas selalu diikutkan)
2026-09-12 00:01:25,986 - ERROR - naked ALGOUSDT: StopLoss:9139000 set for Sell position should greater base_price:9331000??LastPrice (ErrCode: 10001) (ErrTime: 17:01:25).
Request → POST https://api.bybit.com/v5/position/trading-stop: {"category": "linear", "symbol": "ALGOUSDT", "stopLoss": "0.0913915575", "positionIdx": 0}.
2026-09-12 00:01:25,997 - ERROR - manage ALGOUSDT: StopLoss:9266000 set for Sell position should greater base_price:9331000??LastPrice (ErrCode: 10001) (ErrTime: 17:01:25).
Request → POST https://api.bybit.com/v5/position/trading-stop: {"category": "linear", "symbol": "ALGOUSDT", "stopLoss": "0.0926673471", "positionIdx": 0}.
2026-09-12 00:01:56,071 - INFO - mode ALL COIN: 125 simbol (125 coin terdeteksi, emas selalu diikutkan)
2026-09-12 00:01:56,321 - WARNING - MODAL WARN: ⚠ RUGI BESAR ALGOUSDT — ALGOUSDT rugi $-8.92 melebihi hard cap $6.84. Pertimbangkan cut / cek SL!
2026-09-12 00:01:56,684 - INFO - ◆ ALGOUSDT TP1 0.0897082 tercapai — 6361.9 ditutup (-17.82$ terkunci) → RIDE aktif
2026-09-12 00:01:56,706 - INFO - » ALGOUSDT TRAILING 2.0xATR aktif — mengawal sisa 4504.5 ke TP2 0
2026-09-12 00:02:27,964 - INFO - mode ALL COIN: 125 simbol (125 coin terdeteksi, emas selalu diikutkan)
2026-09-12 00:03:00,037 - INFO - mode ALL COIN: 125 simbol (125 coin terdeteksi, emas selalu diikutkan)
2026-09-12 00:03:31,708 - INFO - mode ALL COIN: 125 simbol (125 coin terdeteksi, emas selalu diikutkan)
2026-09-12 00:04:02,954 - INFO - mode ALL COIN: 125 simbol (125 coin terdeteksi, emas selalu diikutkan)
2026-09-12 00:04:06,740 - INFO - ◈ METAUSDT GE-R3 LONG | 15M 3/4 · 1H -1 · 4H +1 | zona ▼D 5.3/10 @ 647.71-647.302 | RR 10.32
2026-09-12 00:04:06,740 - INFO - METAUSDT setup GE-R3 LONG zone 5.3/10 rr 10.32
2026-09-12 00:04:06,779 - INFO - METAUSDT lev 25x (std ALT 25x · akun real · REAL=DEMO)
2026-09-12 00:04:06,799 - ERROR - order METAUSDT: You must sign the required agreement before trading this contract. (ErrCode: 110126) (ErrTime: 17:04:06).
Request → POST https://api.bybit.com/v5/order/create: {"category": "linear", "symbol": "METAUSDT", "side": "Buy", "orderType": "Market", "qty": "0.52", "timeInForce": "GTC", "positionIdx": 0}.
2026-09-12 00:04:06,799 - INFO - ✖ METAUSDT order Market DITOLAK bursa — You must sign the required agreement before trading this contract. (ErrCode: 110126) (ErrTime: 17:04:06).
Request → POST https://api.bybit.com/v5/order/create: {"category": "linear", "symbol": "METAUSDT", "side": "Buy", "orderType": "Market", "qty": "0.52", "timeInForce": "GTC", "positionIdx": 0}..
2026-09-12 00:04:34,215 - INFO - mode ALL COIN: 124 simbol (124 coin terdeteksi, emas selalu diikutkan)
2026-09-12 00:05:04,150 - INFO - mode ALL COIN: 124 simbol (124 coin terdeteksi, emas selalu diikutkan)
2026-09-12 00:05:33,787 - INFO - mode ALL COIN: 124 simbol (124 coin terdeteksi, emas selalu diikutkan)
2026-09-12 00:06:03,130 - INFO - mode ALL COIN: 125 simbol (125 coin terdeteksi, emas selalu diikutkan)
2026-09-12 00:06:32,573 - INFO - mode ALL COIN: 125 simbol (125 coin terdeteksi, emas selalu diikutkan)
2026-09-12 00:07:02,055 - INFO - mode ALL COIN: 125 simbol (125 coin terdeteksi, emas selalu diikutkan)
2026-09-12 00:07:31,590 - INFO - mode ALL COIN: 124 simbol (124 coin terdeteksi, emas selalu diikutkan)
2026-09-12 00:08:01,251 - INFO - mode ALL COIN: 124 simbol (124 coin terdeteksi, emas selalu diikutkan)
2026-09-12 00:08:31,452 - INFO - mode ALL COIN: 124 simbol (124 coin terdeteksi, emas selalu diikutkan)
2026-09-12 00:09:02,175 - INFO - mode ALL COIN: 124 simbol (124 coin terdeteksi, emas selalu diikutkan)
2026-09-12 00:09:32,706 - INFO - mode ALL COIN: 124 simbol (124 coin terdeteksi, emas selalu diikutkan)
2026-09-12 00:10:03,193 - INFO - mode ALL COIN: 124 simbol (124 coin terdeteksi, emas selalu diikutkan)
2026-09-12 00:10:33,466 - INFO - mode ALL COIN: 124 simbol (124 coin terdeteksi, emas selalu diikutkan)
2026-09-12 00:11:03,178 - INFO - mode ALL COIN: 124 simbol (124 coin terdeteksi, emas selalu diikutkan)
2026-09-12 00:11:33,129 - INFO - mode ALL COIN: 124 simbol (124 coin terdeteksi, emas selalu diikutkan)
2026-09-12 00:12:03,654 - INFO - mode ALL COIN: 124 simbol (124 coin terdeteksi, emas selalu diikutkan)
2026-09-12 00:12:33,655 - INFO - mode ALL COIN: 124 simbol (124 coin terdeteksi, emas selalu diikutkan)
2026-09-12 00:13:04,213 - INFO - mode ALL COIN: 124 simbol (124 coin terdeteksi, emas selalu diikutkan)
2026-09-12 00:13:34,625 - INFO - mode ALL COIN: 124 simbol (124 coin terdeteksi, emas selalu diikutkan)
2026-09-12 00:14:04,760 - INFO - mode ALL COIN: 124 simbol (124 coin terdeteksi, emas selalu diikutkan)
2026-09-12 00:14:34,776 - INFO - mode ALL COIN: 124 simbol (124 coin terdeteksi, emas selalu diikutkan)
2026-09-12 00:15:03,953 - INFO - mode ALL COIN: 124 simbol (124 coin terdeteksi, emas selalu diikutkan)
2026-09-12 00:15:33,323 - INFO - mode ALL COIN: 124 simbol (124 coin terdeteksi, emas selalu diikutkan)
2026-09-12 00:16:02,856 - INFO - mode ALL COIN: 124 simbol (124 coin terdeteksi, emas selalu diikutkan)
2026-09-12 00:16:33,117 - INFO - mode ALL COIN: 124 simbol (124 coin terdeteksi, emas selalu diikutkan)
2026-09-12 00:17:03,755 - INFO - mode ALL COIN: 124 simbol (124 coin terdeteksi, emas selalu diikutkan)
2026-09-12 00:17:34,483 - INFO - mode ALL COIN: 124 simbol (124 coin terdeteksi, emas selalu diikutkan)
2026-09-12 00:18:05,020 - INFO - mode ALL COIN: 124 simbol (124 coin terdeteksi, emas selalu diikutkan)
2026-09-12 00:18:35,140 - INFO - mode ALL COIN: 124 simbol (124 coin terdeteksi, emas selalu diikutkan)
2026-09-12 00:19:04,381 - INFO - mode ALL COIN: 124 simbol (124 coin terdeteksi, emas selalu diikutkan)
2026-09-12 00:19:33,290 - INFO - mode ALL COIN: 124 simbol (124 coin terdeteksi, emas selalu diikutkan)
2026-09-12 00:20:02,220 - INFO - mode ALL COIN: 124 simbol (124 coin terdeteksi, emas selalu diikutkan)
2026-09-12 00:20:31,994 - INFO - mode ALL COIN: 124 simbol (124 coin terdeteksi, emas selalu diikutkan)
2026-09-12 00:21:02,290 - INFO - mode ALL COIN: 124 simbol (124 coin terdeteksi, emas selalu diikutkan)
2026-09-12 00:21:33,145 - INFO - mode ALL COIN: 124 simbol (124 coin terdeteksi, emas selalu diikutkan)
2026-09-12 00:22:04,596 - INFO - mode ALL COIN: 124 simbol (124 coin terdeteksi, emas selalu diikutkan)
2026-09-12 00:22:35,684 - INFO - mode ALL COIN: 124 simbol (124 coin terdeteksi, emas selalu diikutkan)
2026-09-12 00:23:07,360 - INFO - mode ALL COIN: 124 simbol (124 coin terdeteksi, emas selalu diikutkan)
2026-09-12 00:23:38,893 - INFO - mode ALL COIN: 124 simbol (124 coin terdeteksi, emas selalu diikutkan)
2026-09-12 00:24:09,820 - INFO - mode ALL COIN: 124 simbol (124 coin terdeteksi, emas selalu diikutkan)
2026-09-12 00:24:40,605 - INFO - mode ALL COIN: 124 simbol (124 coin terdeteksi, emas selalu diikutkan)
2026-09-12 00:25:10,561 - INFO - mode ALL COIN: 124 simbol (124 coin terdeteksi, emas selalu diikutkan)
2026-09-12 00:25:40,010 - INFO - mode ALL COIN: 124 simbol (124 coin terdeteksi, emas selalu diikutkan)
2026-09-12 00:26:09,425 - INFO - mode ALL COIN: 124 simbol (124 coin terdeteksi, emas selalu diikutkan)
2026-09-12 00:26:38,382 - INFO - mode ALL COIN: 124 simbol (124 coin terdeteksi, emas selalu diikutkan)
2026-09-12 00:27:07,376 - INFO - mode ALL COIN: 124 simbol (124 coin terdeteksi, emas selalu diikutkan)
2026-09-12 00:27:37,090 - INFO - mode ALL COIN: 124 simbol (124 coin terdeteksi, emas selalu diikutkan)
2026-09-12 00:28:08,316 - INFO - mode ALL COIN: 124 simbol (124 coin terdeteksi, emas selalu diikutkan)
2026-09-12 00:28:40,343 - INFO - mode ALL COIN: 124 simbol (124 coin terdeteksi, emas selalu diikutkan)
2026-09-12 00:29:12,447 - INFO - mode ALL COIN: 124 simbol (124 coin terdeteksi, emas selalu diikutkan)
2026-09-12 00:29:44,972 - INFO - mode ALL COIN: 124 simbol (124 coin terdeteksi, emas selalu diikutkan)
2026-09-12 00:30:16,733 - INFO - mode ALL COIN: 124 simbol (124 coin terdeteksi, emas selalu diikutkan)
2026-09-12 00:30:47,391 - INFO - mode ALL COIN: 124 simbol (124 coin terdeteksi, emas selalu diikutkan)
2026-09-12 00:31:16,956 - INFO - mode ALL COIN: 124 simbol (124 coin terdeteksi, emas selalu diikutkan)
2026-09-12 00:31:46,066 - INFO - mode ALL COIN: 124 simbol (124 coin terdeteksi, emas selalu diikutkan)
2026-09-12 00:32:15,512 - INFO - mode ALL COIN: 124 simbol (124 coin terdeteksi, emas selalu diikutkan)
2026-09-12 00:32:23,026 - INFO - ◈ VVVUSDT GE-R3 LONG | 15M 3/4 · 1H +0 · 4H +1 | zona ▼D 4.6/10 @ 24.3329-24.1215 | RR 2.10
2026-09-12 00:32:23,026 - INFO - VVVUSDT setup GE-R3 LONG zone 4.6/10 rr 2.10
2026-09-12 00:32:24,306 - INFO - ▲ LONG VVVUSDT [GE-R3] @ 24.4364 20x | 15M 3/4 4.6/10 RR 2.10 TP 25.6137 SL 23.8876
2026-09-12 00:32:24,306 - INFO - VVVUSDT ENTRY Buy @ 24.4364 20x TP 25.6137 SL 23.8876 zone 4.6/10 rr 2.10
2026-09-12 00:32:46,840 - INFO - mode ALL COIN: 124 simbol (124 coin terdeteksi, emas selalu diikutkan)
2026-09-12 00:33:16,861 - INFO - mode ALL COIN: 124 simbol (124 coin terdeteksi, emas selalu diikutkan)
2026-09-12 00:33:47,186 - INFO - mode ALL COIN: 124 simbol (124 coin terdeteksi, emas selalu diikutkan)
2026-09-12 00:34:16,982 - INFO - mode ALL COIN: 124 simbol (124 coin terdeteksi, emas selalu diikutkan)
2026-09-12 00:34:47,853 - INFO - mode ALL COIN: 124 simbol (124 coin terdeteksi, emas selalu diikutkan)
2026-09-12 00:35:19,708 - INFO - mode ALL COIN: 124 simbol (124 coin terdeteksi, emas selalu diikutkan)
2026-09-12 00:35:51,440 - INFO - mode ALL COIN: 124 simbol (124 coin terdeteksi, emas selalu diikutkan)
2026-09-12 00:36:23,517 - INFO - mode ALL COIN: 124 simbol (124 coin terdeteksi, emas selalu diikutkan)
2026-09-12 00:36:55,657 - INFO - mode ALL COIN: 124 simbol (124 coin terdeteksi, emas selalu diikutkan)
2026-09-12 00:37:27,541 - INFO - mode ALL COIN: 124 simbol (124 coin terdeteksi, emas selalu diikutkan)
2026-09-12 00:38:00,072 - INFO - mode ALL COIN: 124 simbol (124 coin terdeteksi, emas selalu diikutkan)
2026-09-12 00:38:31,843 - INFO - mode ALL COIN: 124 simbol (124 coin terdeteksi, emas selalu diikutkan)
2026-09-12 00:39:03,037 - INFO - mode ALL COIN: 124 simbol (124 coin terdeteksi, emas selalu diikutkan)
2026-09-12 00:39:33,261 - INFO - mode ALL COIN: 124 simbol (124 coin terdeteksi, emas selalu diikutkan)
2026-09-12 00:40:03,432 - INFO - mode ALL COIN: 124 simbol (124 coin terdeteksi, emas selalu diikutkan)
2026-09-12 00:40:33,342 - INFO - mode ALL COIN: 124 simbol (124 coin terdeteksi, emas selalu diikutkan)
2026-09-12 00:41:03,339 - INFO - mode ALL COIN: 124 simbol (124 coin terdeteksi, emas selalu diikutkan)
2026-09-12 00:41:33,343 - INFO - mode ALL COIN: 124 simbol (124 coin terdeteksi, emas selalu diikutkan)
2026-09-12 00:41:34,637 - INFO - ■ ALGOUSDT closed-ex ditutup — PnL -20.91$ (ROI -52.0%)
2026-09-12 00:41:34,638 - INFO - ALGOUSDT closed-ex ditutup — PnL -20.91$ (ROI -52.0%)
2026-09-12 00:42:04,334 - INFO - mode ALL COIN: 124 simbol (124 coin terdeteksi, emas selalu diikutkan)
2026-09-12 00:42:33,991 - INFO - mode ALL COIN: 124 simbol (124 coin terdeteksi, emas selalu diikutkan)
2026-09-12 00:43:04,809 - INFO - mode ALL COIN: 124 simbol (124 coin terdeteksi, emas selalu diikutkan)
2026-09-12 00:43:35,660 - INFO - mode ALL COIN: 124 simbol (124 coin terdeteksi, emas selalu diikutkan)
2026-09-12 00:44:07,218 - INFO - mode ALL COIN: 124 simbol (124 coin terdeteksi, emas selalu diikutkan)
2026-09-12 00:44:38,821 - INFO - mode ALL COIN: 124 simbol (124 coin terdeteksi, emas selalu diikutkan)
2026-09-12 00:45:10,253 - INFO - mode ALL COIN: 124 simbol (124 coin terdeteksi, emas selalu diikutkan)
2026-09-12 00:45:41,589 - INFO - mode ALL COIN: 124 simbol (124 coin terdeteksi, emas selalu diikutkan)
2026-09-12 00:45:46,687 - INFO - ◈ BEATUSDT GE-R3 SHORT | 15M 3/4 · 1H +1 · 4H -1 | zona ▲S 4.0/10 @ 0.0846613-0.0840413 | RR 1.96
2026-09-12 00:45:46,688 - INFO - BEATUSDT setup GE-R3 SHORT zone 4.0/10 rr 1.96
2026-09-12 00:45:46,731 - INFO - BEATUSDT lev 19x (std ALT 25x · akun real · REAL=DEMO)
2026-09-12 00:45:47,987 - INFO - ▼ SHORT BEATUSDT [GE-R3] @ 0.08329 19x | 15M 3/4 4.0/10 RR 1.96 TP 0.0801674 SL 0.0853478
2026-09-12 00:45:47,987 - INFO - BEATUSDT ENTRY Sell @ 0.08329 19x TP 0.0801674 SL 0.0853478 zone 4.0/10 rr 1.96
2026-09-12 00:46:14,258 - INFO - mode ALL COIN: 124 simbol (124 coin terdeteksi, emas selalu diikutkan)
2026-09-12 00:46:44,759 - INFO - mode ALL COIN: 124 simbol (124 coin terdeteksi, emas selalu diikutkan)
2026-09-12 00:47:14,679 - INFO - mode ALL COIN: 124 simbol (124 coin terdeteksi, emas selalu diikutkan)
2026-09-12 00:47:44,692 - INFO - mode ALL COIN: 124 simbol (124 coin terdeteksi, emas selalu diikutkan)
2026-09-12 00:48:14,704 - INFO - mode ALL COIN: 124 simbol (124 coin terdeteksi, emas selalu diikutkan)
2026-09-12 00:48:44,641 - INFO - mode ALL COIN: 124 simbol (124 coin terdeteksi, emas selalu diikutkan)
2026-09-12 00:49:15,067 - INFO - mode ALL COIN: 124 simbol (124 coin terdeteksi, emas selalu diikutkan)
2026-09-12 00:49:45,459 - INFO - mode ALL COIN: 124 simbol (124 coin terdeteksi, emas selalu diikutkan)
2026-09-12 00:50:16,070 - INFO - mode ALL COIN: 124 simbol (124 coin terdeteksi, emas selalu diikutkan)
2026-09-12 00:50:47,976 - INFO - mode ALL COIN: 124 simbol (124 coin terdeteksi, emas selalu diikutkan)
2026-09-12 00:51:19,849 - INFO - mode ALL COIN: 124 simbol (124 coin terdeteksi, emas selalu diikutkan)
2026-09-12 00:51:52,027 - INFO - mode ALL COIN: 124 simbol (124 coin terdeteksi, emas selalu diikutkan)
2026-09-12 00:52:24,227 - INFO - mode ALL COIN: 124 simbol (124 coin terdeteksi, emas selalu diikutkan)
2026-09-12 00:52:56,181 - INFO - mode ALL COIN: 124 simbol (124 coin terdeteksi, emas selalu diikutkan)
2026-09-12 00:53:28,198 - INFO - mode ALL COIN: 124 simbol (124 coin terdeteksi, emas selalu diikutkan)
2026-09-12 00:53:59,707 - INFO - mode ALL COIN: 124 simbol (124 coin terdeteksi, emas selalu diikutkan)
2026-09-12 00:54:30,505 - INFO - mode ALL COIN: 124 simbol (124 coin terdeteksi, emas selalu diikutkan)
2026-09-12 00:55:01,291 - INFO - mode ALL COIN: 124 simbol (124 coin terdeteksi, emas selalu diikutkan)
2026-09-12 00:55:31,157 - INFO - mode ALL COIN: 125 simbol (125 coin terdeteksi, emas selalu diikutkan)
2026-09-12 00:56:01,158 - INFO - mode ALL COIN: 125 simbol (125 coin terdeteksi, emas selalu diikutkan)
2026-09-12 00:56:31,140 - INFO - mode ALL COIN: 125 simbol (125 coin terdeteksi, emas selalu diikutkan)
2026-09-12 00:57:01,317 - INFO - mode ALL COIN: 125 simbol (125 coin terdeteksi, emas selalu diikutkan)
2026-09-12 00:57:31,758 - INFO - mode ALL COIN: 125 simbol (125 coin terdeteksi, emas selalu diikutkan)
2026-09-12 00:58:02,442 - INFO - mode ALL COIN: 125 simbol (125 coin terdeteksi, emas selalu diikutkan)
2026-09-12 00:58:33,495 - INFO - mode ALL COIN: 125 simbol (125 coin terdeteksi, emas selalu diikutkan)
2026-09-12 00:59:05,208 - INFO - mode ALL COIN: 126 simbol (126 coin terdeteksi, emas selalu diikutkan)
2026-09-12 00:59:37,428 - INFO - mode ALL COIN: 126 simbol (126 coin terdeteksi, emas selalu diikutkan)
2026-09-12 01:00:09,937 - INFO - mode ALL COIN: 126 simbol (126 coin terdeteksi, emas selalu diikutkan)
2026-09-12 01:00:10,217 - ERROR - Too many visits. Exceeded the API Rate Limit. (ErrCode: 10006). Hit the API rate limit on https://api.bybit.com/v5/market/kline?category=linear&interval=60&limit=500&symbol=VVVUSDT. Sleeping then trying again.
2026-09-12 01:00:10,217 - ERROR - API rate limit will reset at 02:00:12.217. Sleeping for 2000 ms. Retrying...
2026-09-12 01:00:15,931 - ERROR - Too many visits. Exceeded the API Rate Limit. (ErrCode: 10006). Hit the API rate limit on https://api.bybit.com/v5/market/kline?category=linear&interval=15&limit=500&symbol=XAGUSDT. Sleeping then trying again.
2026-09-12 01:00:15,931 - ERROR - API rate limit will reset at 02:00:17.931. Sleeping for 2000 ms. Retrying...
2026-09-12 01:00:21,111 - ERROR - Too many visits. Exceeded the API Rate Limit. (ErrCode: 10006). Hit the API rate limit on https://api.bybit.com/v5/market/kline?category=linear&interval=15&limit=500&symbol=FARTCOINUSDT. Sleeping then trying again.
2026-09-12 01:00:21,111 - ERROR - API rate limit will reset at 02:00:23.111. Sleeping for 2000 ms. Retrying...
